m马カ跋,ユ黾歇,ga跋q旄m┪鬲跋P,ga簿锣`笨nキよそへ,常カgaㄏノだ跋,D常カgaㄏノだ跋,D常カgaㄏノsw,ユ靓~る,ユ龅Т杉,簿锣hΩ,`加h计,鬲A,Dnノ~,Dn丕,乜vЧΘ~る,鬲簿锣`笨nキよそへ,鬲{p妲-┬,鬲{p妲-U,鬲{p妲-矫,鬲{p妲-j丁,ΤL恨z舱麓,`基じ,虫基Cキよそへ,ó烀O,ó觳韭嗔`笨nキよそへ,ó炝`基じ
裟趼,ga,q351~400a腹,3276.25,,sYaO|跋,Aノa,10211,ga1鬲0ó0,,,ㄤL,,,,0.0,0,0,0,Τ,L,3192000,974,,0.0,0
]撺,ga,ゅtq1001~1050a腹,1016.13,坝,,,10211,ga2鬲0ó0,,,ㄤL,,,,0.0,0,0,0,Τ,L,20000000,19683,,0.0,0
]撺,ga,ゅtq1001~1050a腹,1747.77,坝,,,10211,ga1鬲0ó0,,,ㄤL,,,,0.0,0,0,0,Τ,L,47583037,27225,,0.0,0
]撺,┬a(ga+鬲),]呖き]呱]舴建6F鞴扯1~50腹,19.84,,,,10211,ga1鬲1ó0,きh,,恙vj加(11htHWΤq辫),懋aノ,葵惮V井gy,0810930,115.57,3,2,2,Τ,Τ,2980000,25785,,0.0,0
]撺,┬a(ga+鬲),]呖き]呱]蔼]27FQ堕251~300腹,95.0,,sYaO|跋,贺乜vノa,10211,ga2鬲1ó0,,,zぱ,懋aノ,葵惮V井gy,0740107,118.17,3,1,2,Τ,L,2950000,24964,,0.0,0
そ]m,ga,褐nq701~750a腹,376.33,,SwA~跋,ヒ贺乜vノa,10211,ga2鬲0ó0,,,ㄤL,,,,0.0,0,0,0,Τ,L,4850000,12888,,0.0,0
]撺,┬a(ga+鬲),]呖き]呱]匕甑1~50腹,25.5,坝,,,10211,ga1鬲1ó0,GhAq辫加辫丁,002,そJ(5加tHULq辫),懋aノ,葵惮V井gy,0740512,106.28,3,2,1,Τ,L,2800000,26346,,0.0,0
b柑马,ga,屡バq751~800a腹,352.66,,SwA~跋,ヒ贺乜vノa,10211,ga1鬲0ó0,,,ㄤL,,,,0.0,0,0,0,Τ,L,2390201,6778,,0.0,0
q]马,┬a(ga+鬲),]呖こq]马nM7FnM51~100腹,86.0,,m跋,A贺乜vノa,10211,ga1鬲1ó0,,002,zぱ,懋aノ,[jjy,,139.58,6,3,3,Τ,L,2000000,14329,,0.0,0
q]马,┬a(ga+鬲),]呖こq]马キw16Fキじ101~150腹,68.02,,,,10210,ga1鬲1ó0,,002,zぱ,懋aノ,葵惮V井gy,,112.42,3,2,3,Τ,L,2600000,23128,,0.0,0
b柑马,ga,W]q401~450a腹,1771.42,,SwA~跋,Aノa,10210,ga2鬲0ó0,,,ㄤL,,,,0.0,0,0,0,Τ,L,7250000,4093,,0.0,0
b柑马,ga,W]q451~500a腹,2557.04,,SwA~跋,Aノa,10210,ga2鬲0ó0,,,ㄤL,,,,0.0,0,0,0,Τ,L,13140000,5139,,0.0,0
λn马,┬a(ga+鬲)+ó,]呖う双n马ss8Fss隔Gq251~300腹,34.13,,,,10208,ga1鬲1ó1,@hAGhAThAM加,007,地H(10htHUΤq辫),戆鹰,葵惮V井gy,0840826,173.03,3,2,3,Τ,Τ,3630000,20979,ど熬鞅,0.0,0
λn马,┬a(ga+鬲),]呖う双n马sn15Fr郴1~50腹,116.0,,,,10211,ga1鬲1ó0,,002,zぱ,懋aノ,[jjy,0760107,144.38,10,2,10,Τ,L,11700000,81036,,0.0,0
λn马,ó,]呖う双n马L腹,0.0,,,,10210,ga0鬲0ó1,,,ㄤL,,,,51.05,0,0,0,Τ,L,800000,,YDキ,14.49,800000
λn马,┬a(ga+鬲),]呖う双n马sㄎ8Fㄎ_T刁51~100腹,108.43,,,,10210,ga2鬲1ó0,@hAM加,005,そJ(5加tHULq辫),懋aノ,葵惮V井gy,0840526,99.00999999999999,3,2,3,Τ,Τ,4650000,46965,,0.0,0
λn马,ga,jPq1351~1400a腹,186.02,,,,10211,ga1鬲0ó0,,,ㄤL,,,,0.0,0,0,0,Τ,L,10360000,55693,,0.0,0
λn马,┬a(ga+鬲),]呖う双n马j悫16Fnj隔190261~50腹,85.24,,,,10210,ga2鬲1ó0,,004,zぱ,ǎㄤLnOㄆ兜,葵惮V井gy,0951129,193.15,3,2,3,Τ,L,6700000,34688,,0.0,0
λn马,ga,ssq701~750a腹,374.19,,,,10210,ga3鬲0ó0,,,ㄤL,,,,0.0,0,0,0,Τ,L,11405520,30481,,0.0,0
λn马,ga,ssq701~750a腹,218.41,,,,10210,ga2鬲0ó0,,,ㄤL,,,,0.0,0,0,0,Τ,L,6657840,30483,,0.0,0
λn马,ga,Z憩q1~50a腹,100.1,,,,10210,ga2鬲0ó0,,,ㄤL,,,,0.0,0,0,0,Τ,L,2964500,29615,,0.0,0
λn马,ga,ssq701~750a腹,348.03,,,,10209,ga1鬲0ó0,,,ㄤL,,,,0.0,0,0,0,Τ,L,12123216,34834,,0.0,0
λn马,ga,ssq701~750a腹,117.69,,,,10209,ga1鬲0ó0,,,ㄤL,,,,0.0,0,0,0,Τ,L,3585456,30465,,0.0,0
λn马,ga,Z憩q1~50a腹,155.12,,,,10209,ga1鬲0ó0,,,ㄤL,,,,0.0,0,0,0,Τ,L,5252800,33863,,0.0,0
λn马,ga,ssq701~750a腹,321.34,ㄤL,,,10209,ga1鬲0ó0,,,ㄤL,,,,0.0,0,0,0,Τ,L,2019749,6285,,0.0,0
n绍m,ga,|Wq101~150a腹,17627.0,,sYaO|跋,Aノa,10210,ga9鬲0ó0,,,ㄤL,,,,0.0,0,0,0,Τ,L,6500000,369,,0.0,0
TWm,ga,r郴dq51~100a腹,2513.0,,sYaO|跋,Aノa,10211,ga1鬲0ó0,,,ㄤL,,,,0.0,0,0,0,Τ,L,4880000,1942,,0.0,0
Y髀,ga,F砍q201~250a腹,3906.0,,sYaO|跋,Aノa,10210,ga2鬲0ó0,,,ㄤL,,,,0.0,0,0,0,Τ,L,6000000,1536,,0.0,0
Y髀,ga,F砍q201~250a腹,3905.0,,sYaO|跋,Aノa,10211,ga2鬲0ó0,,,ㄤL,,,,0.0,0,0,0,Τ,L,4540000,1163,,0.0,0
Y髀,┬a(ga+鬲)+ó,]呖だY髀愆晶胆10FHF隔1701~50腹,72.62,,,,10211,ga2鬲1ó0,Gh,005,地H(10htHUΤq辫),懋aノ,ǎㄤLnOㄆ兜,1020604,119.29,3,2,3,Τ,L,7800000,65387,YDキ,15.0,0
n绍m,ga,_粪娇超q_粪娇长pq1201~1250a腹,13670.0,,sYaO|跋,Aノa,10208,ga5鬲0ó0,,,ㄤL,,,,0.0,0,0,0,Τ,L,3180000,233,,0.0,0
Y髀,ga,チ壁q101~150a腹,83.02,ㄤL,,,10211,ga1鬲0ó0,,,ㄤL,,,,0.0,0,0,0,Τ,L,120000,1445,,0.0,0
Tqm,┬a(ga+鬲),]呖いTqm秤砍稼环s1~50腹,122.33,,sYaO|跋,贺乜vノa,10211,ga1鬲1ó0,,003,zぱ,懋aノ,葵惮V井gy,0830112,196.36,4,2,2,Τ,L,4800000,24445,,0.0,0
Y髀,┬a(ga+鬲),]呖だY髀恁僚v10F郾j隔Gq1~50腹,291.62,,,,10210,ga1鬲1ó0,,001,zぱ,ǎㄤLnOㄆ兜,ǎㄤLnOㄆ兜,0960911,206.52,22,0,22,Τ,L,18800000,91032,,0.0,0
Y髀,ga,砍订qWHpq301~350a腹,377.0,A,,,10210,ga1鬲0ó0,,,ㄤL,,,,0.0,0,0,0,Τ,L,7950000,21088,,0.0,0
Y髀,┬a(ga+鬲),]呖だY髀恧W砍15Fッ鞯51~50腹,22.93,,sYaO|跋,贺乜vノa,10211,ga1鬲1ó0,@h,007,地H(10htHUΤq辫),懋aノ,葵惮V井gy,0860827,93.53,3,2,2,Τ,L,1660000,17748,,0.0,0
Y髀,┬a(ga+鬲),]呖だY髀恧sU14Fゅて刁271151~50腹,143.32,,,,10211,ga2鬲1ó0,,004,zぱ,ǎㄤLnOㄆ兜,葵惮V井gy,0910108,174.18,3,3,3,Τ,L,7000000,40188,,0.0,0
Y髀,┬a(ga+鬲),]呖だY髀憝]呖だY髀愆Mキ8Fい地隔89811~50腹,76.4,,,,10210,ga2鬲1ó0,,004,zぱ,ǎㄤLnOㄆ兜,ǎㄤLnOㄆ兜,0940518,233.62,3,3,3,Τ,L,8650000,37026,,0.0,0
Y髀,ga,s砍q251~300a腹,5240.92,,SwA~跋,Aノa,10207,ga6鬲0ó0,,,ㄤL,,,,0.0,0,0,0,Τ,L,16646385,3176,,0.0,0
Y髀,ga,F砍q901~950a腹,18569.0,,sYaO|跋,Aノa,10210,ga3鬲0ó0,,,ㄤL,,,,0.0,0,0,0,Τ,L,6700000,361,,0.0,0
Y髀,ga,孪绗q┚Уpq1~50a腹,147.0,,,,10210,ga1鬲0ó0,,,ㄤL,,,,0.0,0,0,0,Τ,L,4263000,29000,,0.0,0
Y髀,┬a(ga+鬲),]呖だY髀砺袭绋1F┚УG隔1~50腹,8.0,ㄤL,,,10211,ga1鬲1ó0,@h,001,┍(┍Q),坝~ノ,葵惮V井gy,0761228,14.48,0,0,0,L,L,800000,55249,,0.0,0
Y髀,ga,孪绗q嵘埭pq701~750a腹,3.0,,,,10210,ga1鬲0ó0,,,ㄤL,,,,0.0,0,0,0,Τ,L,130000,43333,,0.0,0
]撺,┬a(ga+鬲),]呖き]呱]ゅs饯蹇车1~50腹,64.54,,,,10211,ga1鬲1ó0,,,zぱ,戆鹰,葵惮V井gy,0710317,79.44,4,2,2,Τ,L,1500000,18882,,0.0,0
b柑马,ga,屡バq501~550a腹,767.33,,SwA~跋,Aノa,10211,ga1鬲0ó0,,,ㄤL,,,,0.0,0,0,0,Τ,L,2737500,3568,,0.0,0
Y髀,┬a(ga+鬲)+ó,]呖だY髀砀`刁51~100腹,11.53,坝,,,10211,ga1鬲1ó4,@h,015,恙vj加(11htHWΤq辫),ǎㄤLnOㄆ兜,ǎㄤLnOㄆ兜,1010607,197.04,0,0,0,L,Τ,13880000,120750,YDキ,103.21,2550000
Y髀,┬a(ga+鬲)+ó,]呖だY髀砀`刁51~100腹,11.65,坝,,,10211,ga1鬲1ó4,@h,015,恙vj加(11htHWΤq辫),ǎㄤLnOㄆ兜,ǎㄤLnOㄆ兜,1010607,198.8,0,0,0,L,Τ,14050000,121352,YDキ,103.21,2450000
Tqm,ga,W艾q301~350a腹,654.34,,SwA~跋,Aノa,10210,ga1鬲0ó0,,,ㄤL,,,,0.0,0,0,0,Τ,L,641253,980,,0.0,0
q]马,ga,λLq701~750a腹,2654.84,ㄤL,,,10210,ga1鬲0ó0,,,ㄤL,,,,0.0,0,0,0,Τ,L,15238782,5740,,0.0,0
λn马,ga,Z憩q1~50a腹,1386.17,,,,10209,ga7鬲0ó0,,,ㄤL,,,,0.0,0,0,0,Τ,L,43006900,31026,,0.0,0
j打m,ga,n打q1301~1350a腹,3684.0,,sYaO|跋,Aノa,10210,ga1鬲0ó0,,,ㄤL,,,,0.0,0,0,0,Τ,L,1250000,339,,0.0,0
TWm,ga,ッMsq1251~1300a腹,94319.0,,sYaO|跋,L~ノa,10211,ga12鬲0ó0,,,ㄤL,,,,0.0,0,0,0,Τ,L,27510000,292,,0.0,0
Y髀,┬a(ga+鬲),]呖だY髀恧R13F蝗e_隔1~50腹,7.25,坝,,,10211,ga1鬲1ó0,Ch,008,M┬(1┬1U1矫),懋aノ,葵惮V井gy,0860619,59.290000000000006,1,1,1,Τ,L,1438000,24254,,0.0,0
Y髀,┬a(ga+鬲)+ó,]呖だY髀恧澶屁15FKwG隔2721~50腹,31.65,,,,10208,ga5鬲1ó1,Th,009,地H(10htHUΤq辫),ǎㄤLnOㄆ兜,葵惮V井gy,1020807,151.61,3,2,2,Τ,Τ,5480000,36145,@加キ,0.0,0
Y髀,┬a(ga+鬲)+ó,]呖だY髀恧澶屁15FKwG隔2721~50腹,31.65,,,,10205,ga5鬲1ó1,|h,009,地H(10htHUΤq辫),ǎㄤLnOㄆ兜,葵惮V井gy,1020807,138.51,3,2,2,Τ,Τ,5310000,38337,@加キ,0.0,0
Y髀,┬a(ga+鬲)+ó,]呖だY髀恧澶屁15FKwG隔2721~50腹,29.14,,,,10204,ga5鬲1ó1,せh,009,地H(10htHUΤq辫),ǎㄤLnOㄆ兜,葵惮V井gy,1020807,140.57,3,2,2,Τ,Τ,5020000,35712,YDキ,0.0,0
Y髀,ga,F砍q251~300a腹,3189.0,,sYaO|跋,Aノa,10211,ga2鬲0ó0,,,ㄤL,,,,0.0,0,0,0,Τ,L,8000000,2509,,0.0,0
Y髀,ga,F砍q251~300a腹,2732.0,,sYaO|跋,Aノa,10211,ga2鬲0ó0,,,ㄤL,,,,0.0,0,0,0,Τ,L,6850000,2507,,0.0,0
Y髀,ga,F砍q251~300a腹,2729.0,,sYaO|跋,Aノa,10211,ga2鬲0ó0,,,ㄤL,,,,0.0,0,0,0,Τ,L,6600000,2418,,0.0,0
Y髀,ga,F砍q251~300a腹,2729.0,,sYaO|跋,Aノa,10211,ga2鬲0ó0,,,ㄤL,,,,0.0,0,0,0,Τ,L,7000000,2565,,0.0,0
Y髀,┬a(ga+鬲),]呖だY髀恧さ馗901~950腹,7.24,,,,10209,ga1鬲1ó0,Th,011,恙vj加(11htHWΤq辫),坝~ノ,葵惮V井gy,0821221,113.69999999999999,0,0,0,L,L,2080000,18294,,0.0,0
Y髀,┬a(ga+鬲),]呖だY髀砜扯└簸@q29111~50腹,145.46,,sYaO|跋,贺乜vノa,10211,ga2鬲1ó0,,003,zぱ,懋aノ,ǎㄤLnOㄆ兜,0960323,237.61,4,2,3,Τ,L,8300000,34931,,0.0,0
Y髀,┬a(ga+鬲),]呖だY髀砺袭绋14FHT刁121~50腹,14.1,,,,10211,ga2鬲1ó0,Ch,009,地H(10htHUΤq辫),懋aノ,葵惮V井gy,0860129,102.07,3,2,2,Τ,Τ,2400000,23513,,0.0,0
Y髀,┬a(ga+鬲),]呖だY髀慝嵘塄17FHq隔69061~50腹,82.0,,,,10211,ga1鬲1ó0,,002,zぱ,懋aノ,[jjy,0690527,98.28,5,2,2,Τ,L,3800000,38665,,0.0,0
Y髀,┬a(ga+鬲)+ó,]呖だY髀砺袭绋3F邾叩3151~100腹,15.9,,,,10210,ga3鬲1ó1,せh,006,地H(10htHUΤq辫),ǎㄤLnOㄆ兜,ǎㄤLnOㄆ兜,1000728,596.29,3,2,1,Τ,Τ,3680000,6171,YD诀瘪,0.0,0
Y髀,┬a(ga+鬲)+ó,]呖だY髀恧澶屁11Fゅて刁32151~50腹,79.64,,,,10206,ga2鬲1ó2,,004,zぱ,懋aノ,葵惮V井gy,0850426,197.03,4,2,3,Τ,L,6500000,32990,@加キ,0.0,0
λn马,ga,Z憩q1~50a腹,119.81,,,,10209,ga1鬲0ó0,,,ㄤL,,,,0.0,0,0,0,Τ,L,3547600,29610,,0.0,0
λn马,┬a(ga+鬲)+ó,]呖う双n马}じ4F}じ隔501~550腹,29.97,坝,,,10211,ga1鬲1ó1,きh,005,地H(10htHUΤq辫),懋aノ,葵惮V井gy,1020722,133.58,3,2,2,Τ,L,4800000,35934,ど熬鞅,0.0,0
λn马,┬a(ga+鬲),]呖う双n马f4F|~隔231~50腹,80.0,,,,10210,ga1鬲1ó0,,003,zぱ,懋aノ,葵惮V井gy,0950123,187.08,4,3,3,Τ,L,6500000,34744,,0.0,0
λn马,┬a(ga+鬲)+ó,]呖う双n马}じ4F}じ隔501~550腹,29.97,坝,,,10210,ga1鬲1ó1,Th,005,地H(10htHUΤq辫),懋aノ,葵惮V井gy,1020722,133.58,3,2,2,Τ,L,4850000,36308,ど熬鞅,0.0,0
λn马,ga,き褐q451~500a腹,451.85,,SwA~跋,ヒ贺乜vノa,10210,ga4鬲0ó0,,,ㄤL,,,,0.0,0,0,0,Τ,L,7517400,16637,,0.0,0
λn马,┬a(ga+鬲),]呖う双n马}じ4F}じ隔501~550腹,20.42,坝,,,10211,ga1鬲1ó0,Th,005,地H(10htHUΤq辫),懋aノ,葵惮V井gy,1020722,95.01,2,2,1,Τ,L,3200000,33681,,0.0,0
λn马,┬a(ga+鬲),]呖う双n马}じ4F}じ隔501~550腹,4.0,坝,,,10211,ga1鬲1ó0,@h,005,地H(10htHUΤq辫),坝~ノ,葵惮V井gy,1020722,20.130000000000003,0,0,0,L,L,1600000,79483,,0.0,0
λn马,┬a(ga+鬲),]呖う双n马}じ4F}じ隔501~550腹,28.86,坝,,,10211,ga1鬲1ó0,|h,005,地H(10htHUΤq辫),懋aノ,葵惮V井gy,1020722,132.55,3,2,2,Τ,L,4380000,33044,,0.0,0
λn马,┬a(ga+鬲),]呖う双n马}じ4F}じ隔501~550腹,20.42,坝,,,10211,ga1鬲1ó0,|h,005,地H(10htHUΤq辫),懋aノ,葵惮V井gy,1020722,95.01,2,2,1,Τ,L,3100000,32628,,0.0,0
λn马,┬a(ga+鬲),]呖う双n马}じ4F}じ隔501~550腹,20.42,坝,,,10211,ga1鬲1ó0,きh,005,地H(10htHUΤq辫),懋aノ,葵惮V井gy,1020722,95.01,2,2,1,Τ,L,3000000,31576,,0.0,0
λn马,┬a(ga+鬲),]呖う双n马}じ4F}じ隔501~550腹,16.43,坝,,,10211,ga1鬲1ó0,@h,005,地H(10htHUΤq辫),懋aノ,葵惮V井gy,1020722,75.91,2,1,1,Τ,L,2500000,32934,,0.0,0
崂s马,ga,T郴q251~300a腹,107.25,,@牍A~跋,Aノa,10204,ga1鬲0ó0,,,ㄤL,,,,0.0,0,0,0,Τ,L,950000,8858,,0.0,0
崂s马,ga,L翠q351~400a腹,7824.0,,sYaO|跋,Aノa,10210,ga5鬲0ó0,,,ㄤL,,,,0.0,0,0,0,Τ,L,13000000,1662,,0.0,0
崂s马,ga,T郴q251~300a腹,107.25,,@牍A~跋,Aノa,10211,ga1鬲0ó0,,,ㄤL,,,,0.0,0,0,0,Τ,L,900000,8392,,0.0,0
崂s马,ga,T郴q251~300a腹,107.25,,@牍A~跋,Aノa,10211,ga1鬲0ó0,,,ㄤL,,,,0.0,0,0,0,Τ,L,750000,6993,,0.0,0
q]马,ga,g艾q1201~1250a腹,2510.0,,sYaO|跋,Aノa,10210,ga1鬲0ó0,,,ㄤL,,,,0.0,0,0,0,Τ,L,4700000,1873,,0.0,0
q]马,ga,g艾q1201~1250a腹,2543.0,,sYaO|跋,Aノa,10210,ga1鬲0ó0,,,ㄤL,,,,0.0,0,0,0,Τ,L,3700000,1455,,0.0,0
λn马,┬a(ga+鬲),]呖う双n马そ?7FjH郴1~50腹,78.0,,SwA~跋,ヒ贺乜vノa,10210,ga2鬲1ó0,,004,zぱ,懋aノ,葵惮V井gy,0840209,223.17,4,2,2,Τ,L,2500000,11202,,0.0,0
λn马,┬a(ga+鬲),]呖う双n马λ砍7F_砍隔360191~50腹,119.73,,m跋,A贺乜vノa,10209,ga1鬲1ó0,,004,zぱ,懋aノ,葵惮V井gy,1020708,230.84,5,2,3,Τ,L,9300000,40288,,0.0,0
λn马,┬a(ga+鬲),]呖う双n马λ砍7F_砍隔360191~50腹,119.73,,m跋,A贺乜vノa,10210,ga1鬲1ó0,,004,zぱ,懋aノ,葵惮V井gy,1020708,230.84,5,2,3,Τ,L,9260000,40114,,0.0,0
λn马,┬a(ga+鬲),]呖う双n马郴H2F郴jH101~150腹,85.86,,,,10211,ga1鬲1ó0,,002,zぱ,懋aノ,[jjy,0690426,94.96,3,2,2,Τ,L,4930000,51917,,0.0,0
q]马,ga,ず打璎q501~550a腹,154.22,,@牍A~跋,Aノa,10211,ga1鬲0ó0,,,ㄤL,,,,0.0,0,0,0,Τ,L,746400,4840,,0.0,0
b柑马,ga,币みq751~800a腹,2953.03,,SwA~跋,Aノa,10211,ga2鬲0ó0,,,ㄤL,,,,0.0,0,0,0,Τ,L,13800000,4673,,0.0,0
b柑马,ga,bFq651~700a腹,195.78,坝,,,10210,ga1鬲0ó0,,,ㄤL,,,,0.0,0,0,0,Τ,L,11252446,57475,,0.0,0
b柑马,ga,nsq201~250a腹,6495.44,,SwA~跋,Aノa,10211,ga4鬲0ó0,,,ㄤL,,,,0.0,0,0,0,Τ,L,17683835,2722,,0.0,0
b柑马,ga,ド伦q1351~1400a腹,1107.81,,SwA~跋,Aノa,10210,ga2鬲0ó0,,,ㄤL,,,,0.0,0,0,0,Τ,L,7530000,6797,,0.0,0
b柑马,ga,ド伦q1351~1400a腹,1106.04,,SwA~跋,Aノa,10210,ga2鬲0ó0,,,ㄤL,,,,0.0,0,0,0,Τ,L,9000000,8137,,0.0,0
b柑马,┬a(ga+鬲),]呖きb柑马b|7F51~100腹,275.32,,m跋,A贺乜vノa,10211,ga2鬲1ó0,,002,zぱ,懋aノ,葵惮V井gy,0670301,188.34,4,2,2,Τ,L,3600000,19114,,0.0,0
そ]m,ga,褐膀q1001~1050a腹,205.0,,SwA~跋,ヒ贺乜vノa,10209,ga2鬲0ó0,,,ㄤL,,,,0.0,0,0,0,Τ,L,1932000,9424,,0.0,0
]撺,ga,n墩|qUn墩|pq451~500a腹,1558.94,,sYaO|跋,L~ノa,10211,ga13鬲0ó0,,,ㄤL,,,,0.0,0,0,0,Τ,L,160000,103,,0.0,0
]撺,┬a(ga+鬲),]呖き]呱]褐P16F地M刁50261~50腹,132.93,,,,10211,ga3鬲1ó0,,003,zぱ,懋aノ,葵惮V井gy,1020610,192.61,5,2,3,Τ,L,6900000,35824,,0.0,0
]撺,┬a(ga+鬲),]呖き]呱]いs隔9661~50腹,165.0,,,,10211,ga1鬲1ó0,,002,zぱ,懋aノ,[jjy,0681125,118.58,4,2,2,Τ,L,2800000,23613,,0.0,0
j打m,ga,砍aq151~200a腹,4955.0,,sYaO|跋,Aノa,10210,ga1鬲0ó0,,,ㄤL,,,,0.0,0,0,0,Τ,L,1700000,343,,0.0,0
裟趼,ga,s绢|q201~250a腹,4088.21,,sYaO|跋,Aノa,10211,ga2鬲0ó0,,,ㄤL,,,,0.0,0,0,0,Τ,L,5300000,1296,,0.0,0
裟趼,ga,裟醅q2701~2750a腹,3472.0,,sYaO|跋,Aノa,10211,ga1鬲0ó0,,,ㄤL,,,,0.0,0,0,0,Τ,L,530000,153,,0.0,0
裟趼,ga,]伦q551~600a腹,3103.86,,SwA~跋,Aノa,10211,ga1鬲0ó0,,,ㄤL,,,,0.0,0,0,0,Τ,L,7500000,2416,,0.0,0
裟趼,ga,荒a打q1301~1350a腹,126.52,,SwA~跋,Aノa,10210,ga1鬲0ó0,,,ㄤL,,,,0.0,0,0,0,Τ,L,126000,996,,0.0,0
]撺,┬a(ga+鬲),]呖き]呱]廿\19FΘ\隔1~50腹,43.0,,,,10211,ga1鬲1ó0,Th,,そJ(5加tHULq辫),懋aノ,葵惮V井gy,0770106,214.75,3,2,1,Τ,L,2000000,9313,,0.0,0
]撺,┬a(ga+鬲),]呖き]呱]]撺褐R28FW1~50腹,165.24,,,,10211,ga3鬲1ó0,,004,zぱ,懋aノ,葵惮V井gy,1000531,296.43,4,2,4,Τ,L,14600000,49253,,0.0,0
]撺,┬a(ga+鬲),]呖き]呱]谗刁1~50腹,10.58,,m跋,A贺乜vノa,10211,ga1鬲1ó0,Th,005,M┬(1┬1U1矫),懋aノ,ǎㄤLnOㄆ兜,1000614,32.36,1,0,1,Τ,L,1350000,41718,,0.0,0
]撺,ga,エJq51~100a腹,442.09,坝,,,10208,ga2鬲0ó0,,,ㄤL,,,,0.0,0,0,0,Τ,L,21580000,48814,,0.0,0
そ]m,┬a(ga+鬲),]呖い嚼]mV锭51~100腹,14.58,,,,10211,ga1鬲1ó0,Eh,,地H(10htHUΤq辫),懋aノ,葵惮V井gy,0821203,79.52000000000001,3,1,1,Τ,Τ,1500000,18863,,0.0,0
]撺,┬a(ga+鬲),]呖き]呱]弘Z刁171~50腹,82.0,,,,10211,ga2鬲1ó0,,002,zぱ,懋aノ,[jjy,0671213,99.02,3,2,3,Τ,L,4500000,45445,,0.0,0
]撺,┬a(ga+鬲),]呖き]呱]ゅt2Fゅo隔1971~50腹,87.56,,sYaO|跋,贺乜vノa,10211,ga7鬲1ó0,,003,zぱ,ǎㄤLnOㄆ兜,葵惮V井gy,0881003,190.02,4,2,3,Τ,L,6050000,31839,,0.0,0
]撺,┬a(ga+鬲),]呖き]呱]褐P5F褐P刁201~250腹,10.21,,,,10211,ga4鬲1ó0,Qきh,,恙vj加(11htHWΤq辫),懋aノ,葵惮V井gy,0810929,64.21,2,1,1,Τ,L,1450000,22582,,0.0,0
]撺,ga,~Hq151~200a腹,311.0,,SwA~跋,ヒ贺乜vノa,10210,ga1鬲0ó0,,,ㄤL,,,,0.0,0,0,0,Τ,L,5600000,18006,,0.0,0
q]马,ga,き降Pqifdpq251~300a腹,2016.5,,sYaO|跋,Aノa,10211,ga4鬲0ó0,,,ㄤL,,,,0.0,0,0,0,Τ,L,850000,422,,0.0,0
q]马,ga,フFq551~600a腹,1452.68,,@牍A~跋,Aノa,10211,ga1鬲0ó0,,,ㄤL,,,,0.0,0,0,0,Τ,L,7590000,5225,,0.0,0
b柑马,ga,b_q351~400a腹,209.74,u,,,10211,ga1鬲0ó0,,,ㄤL,,,,0.0,0,0,0,Τ,L,4100000,19548,,0.0,0
b柑马,ga,屡バq1001~1050a腹,516.18,,SwA~跋,ヒ贺乜vノa,10209,ga1鬲0ó0,,,ㄤL,,,,0.0,0,0,0,Τ,L,4372000,8470,,0.0,0
λn马,ga,ssq51~100a腹,975.27,ㄤL,,,10211,ga4鬲0ó0,,,ㄤL,,,,0.0,0,0,0,Τ,L,6144201,6300,,0.0,0
λn马,ga,Fキq601~650a腹,53.49,ㄤL,,,10211,ga1鬲0ó0,,,ㄤL,,,,0.0,0,0,0,Τ,L,657927,12300,,0.0,0
Tqm,ga,Teq101~150a腹,446.0,,sYaO|跋,Aノa,10211,ga2鬲0ó0,,,ㄤL,,,,0.0,0,0,0,Τ,L,750000,1682,,0.0,0
Tqm,ga,Teq151~200a腹,801.0,,sYaO|跋,Aノa,10211,ga3鬲0ó0,,,ㄤL,,,,0.0,0,0,0,Τ,L,4250000,5306,,0.0,0
Tqm,ga,eq151~200a腹,120.14,ㄤL,,,10211,ga1鬲0ó0,,,ㄤL,,,,0.0,0,0,0,Τ,L,870000,7242,,0.0,0
Tqm,ga,eq151~200a腹,263.11,ㄤL,,,10211,ga2鬲0ó0,,,ㄤL,,,,0.0,0,0,0,Τ,L,1900000,7221,,0.0,0
b柑马,ga,nsq1~50a腹,2590.92,,SwA~跋,Aノa,10210,ga1鬲0ó0,,,ㄤL,,,,0.0,0,0,0,Τ,L,9796900,3781,,0.0,0
b柑马,ga,いタq551~600a腹,1333.82,A,,,10211,ga5鬲0ó0,,,ㄤL,,,,0.0,0,0,0,Τ,L,9500000,7122,,0.0,0
λn马,┬a(ga+鬲),]呖う双n马sㄎ16Fq刁101~50腹,80.0,,,,10210,ga1鬲1ó0,,002,zぱ,懋aノ,[jjy,0680806,97.4,4,2,2,Τ,L,3500000,35934,,0.0,0
λn马,┬a(ga+鬲),]呖う双n马λn20F痴R刁151~200腹,98.33,,,,10209,ga1鬲1ó0,,003,zぱ,懋aノ,葵惮V井gy,0651210,212.61,4,2,4,Τ,L,15800000,74314,,0.0,0
崂s马,ga,蝴Pq51~100a腹,650.19,,,,10211,ga1鬲0ó0,,,ㄤL,,,,0.0,0,0,0,Τ,L,35400000,54446,,0.0,0
崂s马,ga,s砍q651~700a腹,100.34,,SwA~跋,ヒ贺乜vノa,10211,ga1鬲0ó0,,,ㄤL,,,,0.0,0,0,0,Τ,L,758000,7554,,0.0,0
璐蚨m,ga,蔼Hq301~350a腹,5713.27,,sYaO|跋,Aノa,10210,ga3鬲0ó0,,,ㄤL,,,,0.0,0,0,0,Τ,L,10000000,1750,,0.0,0
璐蚨m,ga,蔼Hq301~350a腹,2698.64,,sYaO|跋,Aノa,10210,ga2鬲0ó0,,,ㄤL,,,,0.0,0,0,0,Τ,L,4880000,1808,,0.0,0
Y髀,ga,バdqTpq101~150a腹,270.0,,,,10211,ga2鬲0ó0,,,ㄤL,,,,0.0,0,0,0,Τ,L,6667500,24694,,0.0,0
Y髀,┬a(ga+鬲),]呖だY髀恙ē\18F┚УG隔101~150腹,9.35,坝,,,10211,ga2鬲1ó0,Q@h,011,恙vj加(11htHWΤq辫),懋aノ,葵惮V井gy,0831206,123.08,3,2,2,Τ,Τ,3700000,30062,,0.0,0
Y髀,┬a(ga+鬲),]呖だY髀砜扯┄20F岫楠F隔5681~50腹,106.98,,sYaO|跋,贺乜vノa,10211,ga1鬲1ó0,,003,zぱ,ǎㄤLnOㄆ兜,ǎㄤLnOㄆ兜,0950803,215.17,4,2,2,Τ,Τ,6330000,29419,,0.0,0
Y髀,┬a(ga+鬲),]呖だY髀愍F绍18FFチ@刁1~50腹,160.48,u,,,10211,ga2鬲1ó0,,003,zぱ,ǎㄤLnOㄆ兜,ǎㄤLnOㄆ兜,1000119,288.4,4,2,2,Τ,L,22000000,76283,,0.0,0
Y髀,┬a(ga+鬲)+ó,]呖だY髀恧澶屁15FKwG隔2721~50腹,29.14,,,,10105,ga5鬲1ó1,Kh,009,地H(10htHUΤq辫),ǎㄤLnOㄆ兜,葵惮V井gy,1020807,142.5,3,2,2,Τ,Τ,4960000,34807,@加キ,0.0,0
Y髀,┬a(ga+鬲)+ó,]呖だY髀恧澶屁15FKwG隔2721~50腹,29.14,,,,10206,ga5鬲1ó1,Ch,009,地H(10htHUΤq辫),ǎㄤLnOㄆ兜,葵惮V井gy,1020807,142.5,3,2,2,Τ,Τ,4980000,34947,YDキ,0.0,0
Y髀,┬a(ga+鬲)+ó,]呖だY髀恧澶屁15FKwG隔2721~50腹,31.65,,,,10105,ga5鬲1ó1,Ch,009,地H(10htHUΤq辫),ǎㄤLnOㄆ兜,葵惮V井gy,1020807,152.99,3,2,2,Τ,Τ,5200000,33989,@加キ,0.0,0
Y髀,┬a(ga+鬲)+ó,]呖だY髀恧澶屁15FKwG隔2721~50腹,31.65,,,,10207,ga5鬲1ó1,Eh,009,地H(10htHUΤq辫),ǎㄤLnOㄆ兜,葵惮V井gy,1020807,153.54,3,2,2,Τ,Τ,5700000,37124,YDキ,0.0,0
TWm,ga,ずWq251~300a腹,1013.0,,sYaO|跋,Aノa,10210,ga1鬲0ó0,,,ㄤL,,,,0.0,0,0,0,Τ,L,2000000,1974,,0.0,0
b柑马,ga,屡バq351~400a腹,834.82,,SwA~跋,Aノa,10211,ga1鬲0ó0,,,ㄤL,,,,0.0,0,0,0,Τ,L,1920086,2300,,0.0,0
b柑马,ga,nsq701~750a腹,1023.44,,SwA~跋,Aノa,10211,ga1鬲0ó0,,,ㄤL,,,,0.0,0,0,0,Τ,L,2456256,2400,,0.0,0
Y髀,┬a(ga+鬲)+ó,]呖だY髀恙X砍5F_砍刁51~100腹,26.85,,,,10211,ga1鬲1ó1,きh,011,恙vj加(11htHWΤq辫),ǎㄤLnOㄆ兜,葵惮V井gy,1020909,142.81,3,2,2,Τ,Τ,5670000,43840,ど熬鞅,23.74,450000
Y髀,┬a(ga+鬲)+ó,]呖だY髀恙X砍5F_砍刁51~100腹,26.68,,,,10210,ga1鬲1ó1,きh,011,恙vj加(11htHWΤq辫),ǎㄤLnOㄆ兜,葵惮V井gy,1020909,151.32999999999998,3,2,2,Τ,Τ,5570000,40170,YDキ,31.34,750000
Y髀,┬a(ga+鬲)+ó,]呖だY髀恙X砍5F_砍刁51~100腹,31.64,,,,10210,ga1鬲1ó1,きh,011,恙vj加(11htHWΤq辫),ǎㄤLnOㄆ兜,葵惮V井gy,1020909,167.86,4,2,2,Τ,Τ,6490000,41563,ど熬鞅,23.74,500000
]撺,┬a(ga+鬲),]呖き]呱]古褐刁1771~50腹,61.45,,,,10210,ga2鬲1ó0,きhA|h,005,そJ(5加tHULq辫),懋aノ,葵惮V井gy,0830329,193.98000000000002,2,1,2,Τ,Τ,2800000,14434,,0.0,0
]撺,┬a(ga+鬲),]呖き]呱]古褐刁1771~50腹,61.45,,,,10210,ga2鬲1ó0,@hAGhATh,005,そJ(5加tHULq辫),懋aノ,葵惮V井gy,0830329,224.67000000000002,3,1,3,Τ,Τ,4500000,20029,,0.0,0
そ]m,ga,きé，q801~850a腹,523.0,u,,,10211,ga1鬲0ó0,,,ㄤL,,,,0.0,0,0,0,Τ,L,4707000,9000,,0.0,0
そ]m,ga,きé，q801~850a腹,606.0,u,,,10211,ga1鬲0ó0,,,ㄤL,,,,0.0,0,0,0,Τ,L,13029000,21500,,0.0,0
]撺,ga,ゅoq1301~1350a腹,64.51,,,,10211,ga8鬲0ó0,,,ㄤL,,,,0.0,0,0,0,Τ,L,1150000,17827,,0.0,0
璐蚨m,ga,T打q151~200a腹,7762.79,,SwA~跋,臾Qノa,10211,ga5鬲0ó0,,,ㄤL,,,,0.0,0,0,0,Τ,L,4000000,515,,0.0,0
璐蚨m,ga,T打q51~100a腹,586.5,,SwA~跋,Aノa,10211,ga1鬲0ó0,,,ㄤL,,,,0.0,0,0,0,Τ,L,450000,767,,0.0,0
璐蚨m,┬a(ga+鬲),]呖う璐蚨mT打5FFT打1~50腹,477.0,,sYaO|跋,贺乜vノa,10211,ga2鬲2ó0,,002,zぱ,懋aノ,[jjy,0830218,456.39,6,2,3,Τ,L,5700000,12489,,0.0,0
Tqm,ga,U辰q51~100a腹,179.05,,sYaO|跋,l府ノa,10207,ga1鬲0ó0,,,ㄤL,,,,0.0,0,0,0,Τ,L,2685,15,,0.0,0
酽wm,ga,n~衄q751~800a腹,39.0,,sYaO|跋,贺乜vノa,10211,ga1鬲0ó0,,,ㄤL,,,,0.0,0,0,0,Τ,L,195000,5000,,0.0,0
TWm,ga,je┏q51~100a腹,17485.12,,sYaO|跋,Aノa,10210,ga11鬲0ó0,,,ㄤL,,,,0.0,0,0,0,Τ,L,5765000,330,,0.0,0
Y髀,┬a(ga+鬲),]呖だY髀恙郾j1Fw刁101~150腹,118.0,,,,10210,ga1鬲1ó0,,002,zぱ,懋aノ,[jjy,0690407,172.84,8,2,3,Τ,L,7150000,41368,,0.0,0
Y髀,ga,砍Hq1251~1300a腹,1266.08,ㄤL,,,10209,ga1鬲0ó0,,,ㄤL,,,,0.0,0,0,0,Τ,L,13404622,10588,,0.0,0
Y髀,ga,砍Hq1251~1300a腹,113.7,ㄤL,,,10209,ga1鬲0ó0,,,ㄤL,,,,0.0,0,0,0,Τ,L,1203650,10586,,0.0,0
Y髀,ga,砍Hq1251~1300a腹,576.75,ㄤL,,,10209,ga1鬲0ó0,,,ㄤL,,,,0.0,0,0,0,Τ,L,6106100,10587,,0.0,0
Y髀,ga,砍Hq1251~1300a腹,95.88,ㄤL,,,10209,ga1鬲0ó0,,,ㄤL,,,,0.0,0,0,0,Τ,L,1015129,10587,,0.0,0
Y髀,┬a(ga+鬲)+ó,]呖だY髀愆晶胆3F|蝴刁191~50腹,27.18,,,,10211,ga1鬲1ó1,せh,007,地H(10htHUΤq辫),懋aノ,葵惮V井gy,0821116,148.26,3,2,2,Τ,L,3500000,23607,YDキ,0.0,0
Y髀,ga,砍Hq1251~1300a腹,3.12,ㄤL,,,10209,ga1鬲0ó0,,,ㄤL,,,,0.0,0,0,0,Τ,L,33033,10588,,0.0,0
Y髀,ga,バdqTpq1~50a腹,2532.0,,,,10208,ga10鬲0ó0,,,ㄤL,,,,0.0,0,0,0,Τ,L,105518400,41674,,0.0,0
Y髀,┬a(ga+鬲),]呖だY髀砺袭绋10FHT刁51~100腹,14.5,,,,10210,ga1鬲1ó0,|h,006,地H(10htHUΤq辫),ǎㄤLnOㄆ兜,ǎㄤLnOㄆ兜,0980825,52.4,3,1,1,Τ,Τ,3200000,61069,,0.0,0
Y髀,┬a(ga+鬲),]呖だY髀恙郾j13Fい地隔1051~1100腹,26.86,,,,10211,ga3鬲2ó0,@hAGh,007,恙vj加(11htHWΤq辫),戆鹰,葵惮V井gy,0771219,130.21,2,1,2,Τ,Τ,4666666,35840,,0.0,0
Y髀,┬a(ga+鬲),]呖だY髀恙郾j13Fい地隔1051~1100腹,15.99,,,,10211,ga3鬲2ó0,@hAGh,007,恙vj加(11htHWΤq辫),戆鹰,葵惮V井gy,0771219,79.16,2,1,2,Τ,Τ,4666666,58952,,0.0,0
Y髀,┬a(ga+鬲),]呖だY髀恙郾j13Fい地隔1051~1100腹,29.17,,,,10211,ga3鬲2ó0,@hAGh,007,恙vj加(11htHWΤq辫),戆鹰,葵惮V井gy,0771219,135.58,2,1,2,Τ,Τ,4666666,34420,,0.0,0
n绍m,ga,|Wq501~550a腹,2565.0,,sYaO|跋,Aノa,10211,ga1鬲0ó0,,,ㄤL,,,,0.0,0,0,0,Τ,L,3800000,1481,,0.0,0
Y髀,┬a(ga+鬲),]呖だY髀恙ē\17F`刁51~100腹,13.55,,,,10211,ga1鬲1ó0,きh,009,地H(10htHUΤq辫),懋aノ,葵惮V井gy,0850214,99.73,3,2,2,Τ,Τ,3390000,33992,,0.0,0
Y髀,┬a(ga+鬲)+ó,]呖だY髀恙ē\18F┚УG隔101~150腹,9.59,,,,10211,ga2鬲1ó1,せh,011,恙vj加(11htHWΤq辫),懋aノ,葵惮V井gy,0831206,139.79,3,2,2,Τ,Τ,3800000,27184,YDキ,0.0,0
λn马,┬a(ga+鬲)+ó,]呖う双n马ㄎ砍1F吏カ隔Tq551~600腹,22.27,,,,10210,ga1鬲1ó1,QGh,015,恙vj加(11htHWΤq辫),ǎㄤLnOㄆ兜,葵惮V井gy,1011213,207.01,4,1,2,Τ,Τ,7920000,37767,YDキ,15.84,700000
λn马,┬a(ga+鬲),]呖う双n马犁L17F匕旮3131~50腹,43.69,,,,10211,ga1鬲1ó0,@h,005,地H(10htHUΤq辫),ǎㄤLnOㄆ兜,葵惮V井gy,1020703,78.91,2,1,1,Τ,L,2500000,31682,,0.0,0
Tqm,ga,╀l打q401~450a腹,200.0,,sYaO|跋,贺乜vノa,10211,ga1鬲0ó0,,,ㄤL,,,,0.0,0,0,0,Τ,L,3025000,15125,,0.0,0
Tqm,ga,╀l打q401~450a腹,200.0,,sYaO|跋,贺乜vノa,10211,ga1鬲0ó0,,,ㄤL,,,,0.0,0,0,0,Τ,L,3025000,15125,,0.0,0
Tqm,ga,╀l打q401~450a腹,309.0,,sYaO|跋,贺乜vノa,10211,ga1鬲0ó0,,,ㄤL,,,,0.0,0,0,0,Τ,L,4670000,15113,,0.0,0
簧rm,ga,s蔓订q1751~1800a腹,18748.0,,sYaO|跋,Aノa,10211,ga1鬲0ó0,,,ㄤL,,,,0.0,0,0,0,Τ,L,2200000,117,,0.0,0
b柑马,ga,バdq1251~1300a腹,530.0,,SwA~跋,ヒ贺乜vノa,10211,ga5鬲0ó0,,,ㄤL,,,,0.0,0,0,0,Τ,L,6880000,12981,,0.0,0
b柑马,ga,┬柑q101~150a腹,274.2,A,,,10211,ga2鬲0ó0,,,ㄤL,,,,0.0,0,0,0,Τ,L,411300,1500,,0.0,0
b柑马,ga,屡バq401~450a腹,1792.96,,SwA~跋,Aノa,10210,ga1鬲0ó0,,,ㄤL,,,,0.0,0,0,0,Τ,L,5152500,2874,,0.0,0
b柑马,ga,砍订q651~700a腹,2505.8,,sYaO|跋,Aノa,10209,ga1鬲0ó0,,,ㄤL,,,,0.0,0,0,0,Τ,L,8500000,3392,,0.0,0
Y味m,┬a(ga+鬲),]呖だY味m_|10Fバ痕1~50腹,95.46,,sYaO|跋,贺乜vノa,10211,ga2鬲1ó0,,004,zぱ,ǎㄤLnOㄆ兜,葵惮V井gy,0840601,211.54000000000002,4,3,2,Τ,L,2850000,13473,,0.0,0
]撺,┬a(ga+鬲),]呖き]呱]シq8Fいタ隔1051~1100腹,4.14,,,,10211,ga3鬲1ó0,Gh,010,地H(10htHUΤq辫),懋aノ,葵惮V井gy,0960716,32.03,1,0,1,Τ,Τ,1250000,39026,,0.0,0
]撺,┬a(ga+鬲),]呖き]呱]ド地21F谗刁1~50腹,39.79,,m跋,A贺乜vノa,10211,ga1鬲1ó0,Gh,005,地H(10htHUΤq辫),懋aノ,ǎㄤLnOㄆ兜,1000614,115.53,3,2,2,Τ,Τ,4200000,36354,,0.0,0
]撺,┬a(ga+鬲),]呖き]呱]ゅt3Fゅo隔458151~200腹,318.55,A,,,10210,ga4鬲1ó0,,003,zぱ,懋aノ,葵惮V井gy,1020221,158.61,5,2,4,Τ,L,8200000,51699,,0.0,0
]撺,┬a(ga+鬲),]呖き]呱]蝴s25F蝴不刁2641~50腹,787.0,,SwA~跋,Aノa,10211,ga1鬲1ó0,@hAGhATh,,A,A,葵惮V井gy,0871112,217.72,5,2,3,Τ,L,10780000,,,0.0,0
Y味m,ga,ふtq551~600a腹,305.78,u,,,10211,ga1鬲0ó0,,,ㄤL,,,,0.0,0,0,0,Τ,L,2770000,9059,,0.0,0
そ]m,ga,_eq401~450a腹,1001.0,,sYaO|跋,L~ノa,10211,ga1鬲0ó0,,,ㄤL,,,,0.0,0,0,0,Τ,L,150000,150,,0.0,0
]撺,┬a(ga+鬲),]呖き]呱]ゅs22Fゅb1~50腹,78.4,,,,10210,ga1鬲1ó0,,,zぱ,懋aノ,jy,0590101,43.58,3,2,2,Τ,L,4980000,114273,,0.0,0
j打m,ga,n打q551~600a腹,131.0,,sYaO|跋,贺乜vノa,10211,ga1鬲0ó0,,,ㄤL,,,,0.0,0,0,0,Τ,L,112000,855,,0.0,0
裟趼,ga,伦バq251~300a腹,3256.76,,@牍A~跋,Aノa,10211,ga1鬲0ó0,,,ㄤL,,,,0.0,0,0,0,Τ,L,6300000,1934,,0.0,0
粪兼m,ga,郐霜Lq101~150a腹,5528.0,,sYaO|跋,Aノa,10211,ga2鬲0ó0,,,ㄤL,,,,0.0,0,0,0,Τ,L,6900000,1248,,0.0,0
裟趼,ga,工臾|q251~300a腹,5957.28,,sYaO|跋,Aノa,10211,ga2鬲0ó0,,,ㄤL,,,,0.0,0,0,0,Τ,L,9400000,1578,,0.0,0
裟趼,ga,jWLq1~50a腹,10350.0,,sYaO|跋,Aノa,10211,ga2鬲0ó0,,,ㄤL,,,,0.0,0,0,0,Τ,L,3270000,316,,0.0,0
裟趼,ga,瑭Wq451~500a腹,9113.57,,sYaO|跋,Aノa,10211,ga3鬲0ó0,,,ㄤL,,,,0.0,0,0,0,Τ,L,6500000,713,,0.0,0
裟趼,ga,裟醅q2801~2850a腹,1823.0,,sYaO|跋,Aノa,10211,ga1鬲0ó0,,,ㄤL,,,,0.0,0,0,0,Τ,L,280000,154,,0.0,0
]撺,┬a(ga+鬲),]呖き]呱]褐w8F褐P151~200腹,107.27,,,,10211,ga3鬲1ó0,,,zぱ,懋aノ,葵惮V井gy,0820710,186.86,3,1,3,Τ,L,2800000,14984,,0.0,0
]撺,┬a(ga+鬲),]呖き]呱]蝴不4F蝴秤刁651~50腹,87.0,,m跋,A贺乜vノa,10210,ga1鬲1ó0,,,zぱ,懋aノ,[jjy,,81.2,3,2,2,Τ,L,3980000,49015,,0.0,0
]撺,┬a(ga+鬲),]呖き]呱]ド地2FドM刁161~50腹,230.0,,m跋,A贺乜vノa,10211,ga1鬲1ó0,,003,zぱ,ǎㄤLnOㄆ兜,葵惮V井gy,1000225,296.3,5,3,3,Τ,Τ,17700000,59737,,0.0,0
]撺,┬a(ga+鬲),]呖き]呱]n墩6F花a1~50腹,88.89,,sYaO|跋,贺乜vノa,10210,ga1鬲1ó0,,,zぱ,戆鹰,葵惮V井gy,0840730,167.28,5,2,3,Τ,L,3700000,22119,,0.0,0
q]马,ga,`Yq851~900a腹,2140.11,,sYaO|跋,Aノa,10211,ga1鬲0ó0,,,ㄤL,,,,0.0,0,0,0,Τ,L,500000,234,,0.0,0
q]马,ga,nMq51~100a腹,4342.0,,sYaO|跋,Aノa,10211,ga1鬲0ó0,,,ㄤL,,,,0.0,0,0,0,Τ,L,4180000,963,,0.0,0
b柑马,ga,バいq1101~1150a腹,614.5,,SwA~跋,Aノa,10212,ga1鬲0ó0,,,ㄤL,,,,0.0,0,0,0,Τ,L,2000000,3255,,0.0,0
簧rm,ga,Ty憩q351~400a腹,50339.0,,sYaO|跋,Aノa,10209,ga2鬲0ó0,,,ㄤL,,,,0.0,0,0,0,Τ,L,50250907,998,,0.0,0
Tqm,ga,╀l打q351~400a腹,1103.0,,sYaO|跋,Aノa,10211,ga2鬲0ó0,,,ㄤL,,,,0.0,0,0,0,Τ,L,5850955,5305,,0.0,0
λn马,ga,sネq401~450a腹,9.3,,,,10210,ga1鬲0ó0,,,ㄤL,,,,0.0,0,0,0,Τ,L,422034,45380,,0.0,0
λn马,┬a(ga+鬲),]呖う双n马j悫21Fいタ隔251~300腹,91.41,,,,10210,ga2鬲1ó0,,003,zぱ,戆鹰,葵惮V井gy,1020617,222.31,3,3,4,Τ,L,16880000,75930,,0.0,0
λn马,┬a(ga+鬲),]呖う双n马j悫21Fいタ隔2651~50腹,80.28,,,,10208,ga2鬲1ó0,,004,zぱ,ǎㄤLnOㄆ兜,葵惮V井gy,1020617,214.02,5,2,5,Τ,L,9200000,42987,,0.0,0
λn马,┬a(ga+鬲),]呖う双n马j悫21Fいタ隔2651~50腹,80.28,,,,10206,ga2鬲1ó0,,004,zぱ,ǎㄤLnOㄆ兜,葵惮V井gy,1020617,214.02,5,2,5,Τ,L,9160000,42800,,0.0,0
λn马,┬a(ga+鬲),]呖う双n马j悫21Fいタ隔2651~50腹,80.78,,,,10107,ga2鬲1ó0,,004,zぱ,ǎㄤLnOㄆ兜,葵惮V井gy,1020617,214.02,5,2,5,Τ,L,9500000,44388,,0.0,0
λn马,┬a(ga+鬲),]呖う双n马j悫21Fいタ隔2651~50腹,80.28,,,,10207,ga2鬲1ó0,,004,zぱ,ǎㄤLnOㄆ兜,葵惮V井gy,1020617,214.02,5,2,5,Τ,L,9200000,42987,,0.0,0
λn马,┬a(ga+鬲),]呖う双n马い15F_砍隔5471191~50腹,90.0,,SwA~跋,ヒ贺乜vノa,10211,ga2鬲1ó0,,004,zぱ,懋aノ,葵惮V井gy,0890831,175.42,3,2,3,Τ,L,4300000,24513,,0.0,0
λn马,ga,jPq1301~1350a腹,652.67,,,,10211,ga1鬲0ó0,,,ㄤL,,,,0.0,0,0,0,Τ,L,29000000,44433,,0.0,0
λn马,┬a(ga+鬲),]呖う双n马犁L10F乜车51~100腹,47.33,,,,10211,ga1鬲1ó0,|h,004,そJ(5加tHULq辫),懋aノ,葵惮V井gy,0690306,119.88000000000001,3,2,2,Τ,L,2300000,19186,,0.0,0
崂s马,ga,sFq51~100a腹,667.0,,,,10211,ga2鬲0ó0,,,ㄤL,,,,0.0,0,0,0,Τ,L,16000000,23988,,0.0,0
崂s马,┬a(ga+鬲),]呖か崂s马H郴17F沓痈151~200腹,646.0,,SwA~跋,Aノa,10211,ga1鬲1ó0,@hAGhATh,003,A,A,葵惮V井gy,1011221,199.84,4,2,3,Τ,L,7750000,,,0.0,0
λn马,┬a(ga+鬲),]呖う双n马T郴18FくR隔220131~50腹,75.0,,@牍A~跋,ヒ贺乜vノa,10209,ga2鬲1ó0,,003,zぱ,懋aノ,葵惮V井gy,0870123,114.1,3,2,3,Τ,L,2800000,24540,,0.0,0
λn马,┬a(ga+鬲),]呖う双n马j悫24F瓣鞯2051~50腹,133.86,u,,,10210,ga6鬲1ó0,,003,zぱ,ǎㄤLnOㄆ兜,葵惮V井gy,0970506,180.46,4,2,3,Τ,L,6880000,38125,,0.0,0
λn马,┬a(ga+鬲),]呖う双n马T郴18FくR隔220131~50腹,75.0,,@牍A~跋,ヒ贺乜vノa,10209,ga2鬲1ó0,,003,zぱ,懋aノ,葵惮V井gy,0870123,114.1,3,2,3,Τ,L,2800000,24540,,0.0,0
λn马,┬a(ga+鬲),]呖う双n马T郴15FくR隔2101~2150腹,92.0,,m跋,A贺乜vノa,10211,ga1鬲1ó0,,002,zぱ,戆鹰,ǎㄤLnOㄆ兜,0670606,132.82,2,1,2,Τ,L,2700000,20328,,0.0,0
λn马,┬a(ga+鬲),]呖う双n马T郴21FMく刁8911~50腹,131.54,,u~跋,B贺乜vノa,10211,ga3鬲1ó0,,003,zぱ,懋aノ,葵惮V井gy,0960201,154.25,4,2,2,Τ,Τ,6200000,40194,,0.0,0
λn马,┬a(ga+鬲),]呖う双n马そq11Fそq隔1651~1700腹,172.82,,sYaO|跋,贺乜vノa,10211,ga1鬲1ó0,,003,zぱ,懋aノ,[jjy,0670621,290.03,3,2,3,Τ,L,1067872,3682,,0.0,0
λn马,┬a(ga+鬲),]呖う双n马sㄎ18Fㄎ_G刁51~100腹,24.3,,,,10211,ga1鬲1ó0,Ch,009,地H(10htHUΤq辫),懋aノ,葵惮V井gy,0880126,157.29,3,2,2,Τ,L,4450000,28292,,0.0,0
λn马,ga,くwq1001~1050a腹,917.43,,,,10210,ga2鬲0ó0,,,ㄤL,,,,0.0,0,0,0,Τ,L,11100000,12099,,0.0,0
Y髀,ga,孪绗q嵘埭pq651~700a腹,61.0,坝,,,10211,ga1鬲0ó0,,,ㄤL,,,,0.0,0,0,0,Τ,L,6457500,105861,,0.0,0
Tqm,┬a(ga+鬲),]呖いTqms脖38Fsns51~100腹,121.27,,sYaO|跋,贺乜vノa,10211,ga1鬲1ó0,,002,zぱ,戆鹰,葵惮V井gy,0781122,117.0,3,3,3,Τ,L,22000000,188034,,0.0,0
Tqm,ga,╀l打q251~300a腹,3736.0,,sYaO|跋,Aノa,10210,ga1鬲0ó0,,,ㄤL,,,,0.0,0,0,0,Τ,L,9606233,2571,,0.0,0
n绍m,ga,_粪娇超q_粪娇长pq151~200a腹,2915.0,,sYaO|跋,L~ノa,10211,ga1鬲0ó0,,,ㄤL,,,,0.0,0,0,0,Τ,L,3200000,1098,,0.0,0
Y髀,┬a(ga+鬲),]呖だY髀矸s地4Fいタ@隔610101~50腹,135.23,,m跋,A贺乜vノa,10211,ga4鬲1ó0,,004,zぱ,懋aノ,ǎㄤLnOㄆ兜,0950725,183.92,4,5,5,Τ,L,5800000,31535,,0.0,0
Y髀,┬a(ga+鬲),]呖だY髀恧W砍15Fッ鞯91~50腹,22.74,,sYaO|跋,贺乜vノa,10211,ga1鬲1ó0,|h,007,地H(10htHUΤq辫),懋aノ,葵惮V井gy,0860827,85.22,3,2,2,Τ,L,1680000,19714,,0.0,0
Y味m,ga,wq851~900a腹,23.33,ㄤL,,,10210,ga1鬲0ó0,,,ㄤL,,,,0.0,0,0,0,Τ,L,400000,17145,,0.0,0
崂s马,ga,sIq551~600a腹,2600.85,,,,10211,ga1鬲0ó0,,,ㄤL,,,,0.0,0,0,0,Τ,L,112900000,43409,,0.0,0
Y髀,┬a(ga+鬲)+ó,]呖だY髀恙X砍5F_砍刁51~100腹,26.85,,,,10210,ga1鬲1ó1,Th,011,恙vj加(11htHWΤq辫),ǎㄤLnOㄆ兜,葵惮V井gy,1020909,153.26999999999998,3,2,2,Τ,L,5700000,41291,YDキ,33.39,750000
Y髀,┬a(ga+鬲)+ó,]呖だY髀恙X砍5F_砍刁51~100腹,26.85,,,,10210,ga1鬲1ó1,きh,011,恙vj加(11htHWΤq辫),ǎㄤLnOㄆ兜,葵惮V井gy,1020909,153.26999999999998,3,2,2,Τ,L,5690000,41208,YDキ,33.39,750000
Y髀,┬a(ga+鬲)+ó,]呖だY髀恙X砍5F_砍刁51~100腹,26.68,,,,10210,ga1鬲1ó1,Qh,011,恙vj加(11htHWΤq辫),ǎㄤLnOㄆ兜,葵惮V井gy,1020909,153.39999999999998,3,2,2,Τ,Τ,5900000,42496,YDキ,33.39,800000
Y髀,┬a(ga+鬲)+ó,]呖だY髀恙X砍5F_砍刁51~100腹,31.64,,,,10210,ga1鬲1ó1,せh,011,恙vj加(11htHWΤq辫),ǎㄤLnOㄆ兜,葵惮V井gy,1020909,175.48000000000002,4,2,2,Τ,Τ,6700000,41626,YDキ,31.34,700000
Y髀,┬a(ga+鬲)+ó,]呖だY髀恙X砍5F_砍刁51~100腹,29.75,,,,10211,ga1鬲1ó1,Th,011,恙vj加(11htHWΤq辫),ǎㄤLnOㄆ兜,葵惮V井gy,1020909,157.81,4,2,2,Τ,Τ,6400000,44380,ど熬鞅,23.74,450000
Y髀,┬a(ga+鬲)+ó,]呖だY髀恙X砍5F_砍刁51~100腹,29.75,,,,10210,ga1鬲1ó1,Ch,011,恙vj加(11htHWΤq辫),ǎㄤLnOㄆ兜,葵惮V井gy,1020909,167.5,4,2,2,Τ,Τ,6580000,42726,YDキ,33.39,850000
λn马,ga,ぱnq1~50a腹,5816.08,A,,,10209,ga5鬲0ó0,,,ㄤL,,,,0.0,0,0,0,Τ,L,65975200,11344,,0.0,0
q]马,ga,镭q351~400a腹,1160.83,ㄤL,,,10211,ga1鬲0ó0,,,ㄤL,,,,0.0,0,0,0,Τ,L,3600000,3101,,0.0,0
璐蚨m,ga,T打q401~450a腹,819.0,,sYaO|跋,Aノa,10211,ga3鬲0ó0,,,ㄤL,,,,0.0,0,0,0,Τ,L,350000,427,,0.0,0
Y髀,ga,W砍q301~350a腹,263.69,,sYaO|跋,贺乜vノa,10211,ga2鬲0ó0,,,ㄤL,,,,0.0,0,0,0,Τ,L,2750286,10430,,0.0,0
Y髀,ga,孪绗q嵘埭pq701~750a腹,1000.0,A,,,10210,ga2鬲0ó0,,,ㄤL,,,,0.0,0,0,0,Τ,L,21500000,21500,,0.0,0
Y髀,ga,砍订q砍订pq151~200a腹,331.0,A,,,10207,ga1鬲0ó0,,,ㄤL,,,,0.0,0,0,0,Τ,L,5700000,17221,,0.0,0
Y髀,┬a(ga+鬲),]呖だY髀恧W砍15Fッ鞯71~50腹,23.88,,sYaO|跋,贺乜vノa,10211,ga1鬲1ó0,@h,007,地H(10htHUΤq辫),懋aノ,葵惮V井gy,0860827,89.36,3,2,2,Τ,L,1800000,20143,,0.0,0
Y髀,ga,孪绗q嵘埭pq401~450a腹,109.0,ㄤL,,,10211,ga1鬲0ó0,,,ㄤL,,,,0.0,0,0,0,Τ,L,3950000,36239,,0.0,0
Tqm,ga,W艾q801~850a腹,10000.14,,sYaO|跋,Aノa,10211,ga1鬲0ó0,,,ㄤL,,,,0.0,0,0,0,Τ,L,8000000,800,,0.0,0
Tqm,ga,╀l打q351~400a腹,83.0,,sYaO|跋,Aノa,10211,ga1鬲0ó0,,,ㄤL,,,,0.0,0,0,0,Τ,L,200860,2420,,0.0,0
Tqm,ga,eq101~150a腹,32210.57,,sYaO|跋,L~ノa,10211,ga6鬲0ó0,,,ㄤL,,,,0.0,0,0,0,Τ,L,22000000,683,,0.0,0
λn马,┬a(ga+鬲),]呖う双n马ぱゅ19FsI刁51~100腹,96.26,,,,10203,ga3鬲1ó0,,004,zぱ,ǎㄤLnOㄆ兜,葵惮V井gy,1020527,210.68,3,2,3,Τ,L,8750000,41532,,0.0,0
λn马,ga,Z憩q1~50a腹,18.98,ㄤL,,,10210,ga1鬲0ó0,,,ㄤL,,,,0.0,0,0,0,Τ,L,100000,5269,,0.0,0
λn马,┬a(ga+鬲),]呖う双n马}じ9F秤隔201~250腹,263.11,,,,10211,ga2鬲1ó0,,004,zぱ,ǎㄤLnOㄆ兜,葵惮V井gy,1020128,268.6,4,2,5,Τ,L,11800000,43931,,0.0,0
q]马,ga,ずqq801~850a腹,543.46,,sYaO|跋,Aノa,10211,ga1鬲0ó0,,,ㄤL,,,,0.0,0,0,0,Τ,L,3900000,7176,,0.0,0
q]马,ga,ずqq801~850a腹,498.25,,sYaO|跋,Aノa,10211,ga1鬲0ó0,,,ㄤL,,,,0.0,0,0,0,Τ,L,3250000,6523,,0.0,0
b柑马,ga,酯鞋q801~850a腹,2668.0,,SwA~跋,Aノa,10211,ga1鬲0ó0,,,ㄤL,,,,0.0,0,0,0,Τ,L,11298980,4235,,0.0,0
b柑马,ga,马wq801~850a腹,2224.87,,SwA~跋,Aノa,10211,ga2鬲0ó0,,,ㄤL,,,,0.0,0,0,0,Τ,L,8480000,3811,,0.0,0
b柑马,ga,垃aq1151~1200a腹,2104.25,,SwA~跋,Aノa,10210,ga1鬲0ó0,,,ㄤL,,,,0.0,0,0,0,Τ,L,7479000,3554,,0.0,0
q]马,┬a(ga+鬲),]呖こq]马キw17Fいタ隔401~450腹,138.72,,,,10211,ga1鬲1ó0,,002,zぱ,戆鹰,葵惮V井gy,,198.57,3,2,2,Τ,L,2650000,13345,,0.0,0
λn马,ga,Z憩q1~50a腹,47.45,ㄤL,,,10211,ga1鬲0ó0,,,ㄤL,,,,0.0,0,0,0,Τ,L,300000,6322,,0.0,0
y爵m,ga,y爵q1351~1400a腹,22.0,,,,10206,ga1鬲0ó0,,,ㄤL,,,,0.0,0,0,0,Τ,L,7700,350,,0.0,0
λn马,┬a(ga+鬲)+ó,]呖う双n马い地16F痴R刁3131~50腹,9.77,,,,10211,ga1鬲1ó1,きh,020,恙vj加(11htHWΤq辫),懋aノ,葵惮V井gy,0851214,158.44,3,1,2,Τ,Τ,4530000,28591,YDキ,0.0,0
b柑马,ga,屡バq51~100a腹,152.46,,SwA~跋,ヒ贺乜vノa,10211,ga1鬲0ó0,,,ㄤL,,,,0.0,0,0,0,Τ,L,1560000,10232,,0.0,0
]撺,┬a(ga+鬲),]呖き]呱]褐P5F瓣地隔301~350腹,9.89,,,,10211,ga1鬲1ó0,きh,,M┬(1┬1U1矫),懋aノ,葵惮V井gy,0810929,108.89999999999999,1,1,1,Τ,Τ,1572000,14435,,0.0,0
q]马,ga,番攫痕q601~650a腹,2751.9,,sYaO|跋,Aノa,10211,ga2鬲0ó0,,,ㄤL,,,,0.0,0,0,0,Τ,L,4800000,1744,,0.0,0
b柑马,ga,ゅsq151~200a腹,99.86,,,,10211,ga1鬲0ó0,,,ㄤL,,,,0.0,0,0,0,Τ,L,3020760,30250,,0.0,0
q]马,ga,褐砍q201~250a腹,3603.0,,sYaO|跋,Aノa,10211,ga1鬲0ó0,,,ㄤL,,,,0.0,0,0,0,Τ,L,6000000,1665,,0.0,0
q]马,ga,g艾q251~300a腹,128.0,,sYaO|跋,臾Qノa,10211,ga1鬲0ó0,,,ㄤL,,,,0.0,0,0,0,Τ,L,271040,2118,,0.0,0
q]马,ga,褐砍q301~350a腹,2564.0,,sYaO|跋,Aノa,10211,ga1鬲0ó0,,,ㄤL,,,,0.0,0,0,0,Τ,L,7100000,2769,,0.0,0
q]马,ga,褐砍q201~250a腹,2884.0,,sYaO|跋,Aノa,10211,ga4鬲0ó0,,,ㄤL,,,,0.0,0,0,0,Τ,L,11380000,3946,,0.0,0
q]马,ga,_墩痕q651~700a腹,447.5,,sYaO|跋,Aノa,10210,ga1鬲0ó0,,,ㄤL,,,,0.0,0,0,0,Τ,L,3100000,6927,,0.0,0
]撺,┬a(ga+鬲),]呖き]呱]い]11Fいタ隔401~450腹,7.22,坝,,,10211,ga1鬲1ó0,Eh,010,快そ坝~j加,ǎㄤLnOㄆ兜,葵惮V井gy,0841229,60.29,1,0,1,Τ,Τ,1600000,26538,,0.0,0
]撺,┬a(ga+鬲),]呖き]呱]褐P16F地M刁50261~50腹,171.75,,,,10211,ga3鬲1ó0,,003,zぱ,懋aノ,葵惮V井gy,1020610,181.65,4,2,3,Τ,L,8060000,44371,,0.0,0
そ]m,ga,褐nq401~450a腹,826.0,,SwA~跋,Aノa,10203,ga4鬲0ó0,,,ㄤL,,,,0.0,0,0,0,Τ,L,2748515,3328,,0.0,0
]撺,┬a(ga+鬲),]呖き]呱]ドM13F|^刁5411~50腹,96.47,,m跋,A贺乜vノa,10211,ga2鬲1ó0,,003,zぱ,懋aノ,葵惮V井gy,0840630,176.54,4,2,3,Τ,L,5650000,32004,,0.0,0
裟趼,ga,工臾|q501~550a腹,1232.0,,sYaO|跋,Aノa,10210,ga1鬲0ó0,,,ㄤL,,,,0.0,0,0,0,Τ,L,650000,528,,0.0,0
]撺,┬a(ga+鬲),]呖き]呱]古s14F古褐刁3301~50腹,105.9,,,,10211,ga1鬲1ó0,,,zぱ,懋aノ,[jjy,0700830,133.94,4,2,2,Τ,L,3980000,29715,,0.0,0
j打m,┬a(ga+鬲),]呖いj打mqM11FM砍51~100腹,1003.0,,sYaO|跋,Aノa,10211,ga2鬲1ó0,@hAGh,002,A,A,葵惮V井gy,0810712,419.61,5,2,3,Τ,L,8800000,,,0.0,0
裟趼,ga,裟醅q3601~3650a腹,3120.0,,sYaO|跋,Aノa,10211,ga1鬲0ó0,,,ㄤL,,,,0.0,0,0,0,Τ,L,1550000,497,,0.0,0
裟趼,ga,裟醅q3601~3650a腹,3700.0,,sYaO|跋,Aノa,10207,ga1鬲0ó0,,,ㄤL,,,,0.0,0,0,0,Τ,L,1000000,270,,0.0,0
そ]m,ga,褐膀q501~550a腹,2505.0,,sYaO|跋,Aノa,10211,ga1鬲0ó0,,,ㄤL,,,,0.0,0,0,0,Τ,L,4500000,1796,,0.0,0
そ]m,ga,褐膀q351~400a腹,13226.0,,sYaO|跋,Aノa,10209,ga8鬲0ó0,,,ㄤL,,,,0.0,0,0,0,Τ,L,3500000,265,,0.0,0
そ]m,ga,Xq|q251~300a腹,650.0,,sYaO|跋,贺乜vノa,10211,ga1鬲0ó0,,,ㄤL,,,,0.0,0,0,0,Τ,L,3100000,4769,,0.0,0
そ]m,ga,ysq101~150a腹,92.0,,sYaO|跋,Aノa,10212,ga1鬲0ó0,,,ㄤL,,,,0.0,0,0,0,Τ,L,100000,1087,,0.0,0
]撺,ga,n墩|qWn墩|pq301~350a腹,1107.2,,sYaO|跋,臾Qノa,10211,ga4鬲0ó0,,,ㄤL,,,,0.0,0,0,0,Τ,L,2210000,1996,,0.0,0
Y味m,┬a(ga+鬲),]呖き]呱]Hs11FHs隔1641~50腹,106.3,,sYaO|跋,贺乜vノa,10212,ga2鬲1ó0,,004,zぱ,懋aノ,葵惮V井gy,0830630,165.47,4,2,3,Τ,L,3900000,23569,,0.0,0
j打m,ga,j打q751~800a腹,216623.0,,sYaO|跋,L~ノa,10211,ga3鬲0ó0,,,ㄤL,,,,0.0,0,0,0,Τ,L,14000000,65,,0.0,0
]撺,┬a(ga+鬲),]呖き]呱]秤Q7Fいタ隔1025121~50腹,93.64,,,,10211,ga1鬲1ó0,,004,zぱ,ǎㄤLnOㄆ兜,葵惮V井gy,1000719,268.65,7,2,3,Τ,L,9500000,35362,,0.0,0
そ]m,ga,きé，q901~950a腹,268.0,A,,,10211,ga1鬲0ó0,,,ㄤL,,,,0.0,0,0,0,Τ,L,2600000,9701,,0.0,0
]撺,ga,褐Rq951~1000a腹,3183.0,,,,10211,ga3鬲0ó0,,,ㄤL,,,,0.0,0,0,0,Τ,L,73300000,23029,,0.0,0
]撺,ga,褐Rq101~150a腹,269.0,,sYaO|跋,贺乜vノa,10211,ga1鬲0ó0,,,ㄤL,,,,0.0,0,0,0,Τ,L,1627450,6050,,0.0,0
]撺,┬a(ga+鬲),]呖き]呱]_]37Fゅ?刁31~50腹,32.28,,,,10210,ga1鬲1ó0,Gh,007,地H(10htHUΤq辫),瓣チ恙v,葵惮V井gy,0820626,1709.04,3,2,2,Τ,L,3650000,2136,,0.0,0
q]马,ga,_墩痕q651~700a腹,447.5,,sYaO|跋,Aノa,10211,ga1鬲0ó0,,,ㄤL,,,,0.0,0,0,0,Τ,L,3650000,8156,,0.0,0
b柑马,ga,酹sq651~700a腹,189.28,,SwA~跋,ヒ贺乜vノa,10211,ga1鬲0ó0,,,ㄤL,,,,0.0,0,0,0,Τ,L,1220000,6445,,0.0,0
b柑马,ga,nsq201~250a腹,2843.71,,SwA~跋,Aノa,10211,ga1鬲0ó0,,,ㄤL,,,,0.0,0,0,0,Τ,L,10237356,3600,,0.0,0
λn马,┬a(ga+鬲),]呖う双n马郴H6F郴jH1~50腹,71.67,,,,10210,ga1鬲1ó0,,,zぱ,懋aノ,[jjy,,72.42,3,2,2,Τ,L,4600000,63518,,0.0,0
Tqm,ga,蛮蟠颥q1~50a腹,3452.0,,sYaO|跋,Aノa,10211,ga2鬲0ó0,,,ㄤL,,,,0.0,0,0,0,Τ,L,3600000,1043,,0.0,0
簧rm,ga,CQ鳜qいキpq101~150a腹,346.13,,u~跋,B贺乜vノa,10211,ga1鬲0ó0,,,ㄤL,,,,0.0,0,0,0,Τ,L,2042181,5900,,0.0,0
λn马,ga,jPq1151~1200a腹,976.28,,,,10211,ga1鬲0ó0,,,ㄤL,,,,0.0,0,0,0,Τ,L,50200000,51420,,0.0,0
q]马,ga,g艾q1201~1250a腹,2725.0,,sYaO|跋,Aノa,10210,ga1鬲0ó0,,,ㄤL,,,,0.0,0,0,0,Τ,L,5000000,1835,,0.0,0
b柑马,ga,屡バq451~500a腹,621.46,,SwA~跋,Aノa,10211,ga1鬲0ó0,,,ㄤL,,,,0.0,0,0,0,Τ,L,2630000,4232,,0.0,0
b柑马,┬a(ga+鬲),]呖きb柑马bn1Fn砍隔1~50腹,86.78,,,,10211,ga1鬲1ó0,,002,zぱ,戆鹰,[jjy,0641230,118.38,5,2,3,Τ,L,5000000,42237,,0.0,0
q]马,ga,g艾q251~300a腹,2518.0,,sYaO|跋,Aノa,10211,ga1鬲0ó0,,,ㄤL,,,,0.0,0,0,0,Τ,L,5500000,2184,,0.0,0
q]马,ga,ずqq801~850a腹,543.46,,sYaO|跋,Aノa,10211,ga1鬲0ó0,,,ㄤL,,,,0.0,0,0,0,Τ,L,3150000,5796,,0.0,0
崂s马,┬a(ga+鬲),]呖か崂s马H郴17F沓痈201~250腹,113.5,,SwA~跋,ヒ贺乜vノa,10211,ga1鬲1ó0,,002,zぱ,懋aノ,葵惮V井gy,0790824,94.35,5,2,2,Τ,L,851800,9028,,0.0,0
Tqm,ga,K熏q101~150a腹,24.41,,,,10211,ga1鬲0ó0,,,ㄤL,,,,0.0,0,0,0,Τ,L,180634,7400,,0.0,0
Tqm,┬a(ga+鬲),]呖いTqm秤砍31F衄307101~150腹,157.33,,m跋,A贺乜vノa,10211,ga1鬲1ó0,,002,zぱ,懋aノ,葵惮V井gy,0681205,103.92,4,1,2,Τ,L,3350000,32236,,0.0,0
Y髀,ga,孪绗q嵘埭pq751~800a腹,21.0,坝,,,10211,ga1鬲0ó0,,,ㄤL,,,,0.0,0,0,0,Τ,L,2160000,102857,,0.0,0
Y髀,ga,孪绗q嵘埭pq751~800a腹,131.0,坝,,,10211,ga1鬲0ó0,,,ㄤL,,,,0.0,0,0,0,Τ,L,13420000,102443,,0.0,0
TWm,ga,ッMsq1~50a腹,2098.75,,sYaO|跋,Aノa,10211,ga21鬲0ó0,,,ㄤL,,,,0.0,0,0,0,Τ,L,2203000,1050,,0.0,0
TWm,ga,ッMsq1~50a腹,2077.35,,sYaO|跋,Aノa,10211,ga19鬲0ó0,,,ㄤL,,,,0.0,0,0,0,Τ,L,2181000,1050,,0.0,0
Y髀,ga,バdqGpq101~150a腹,1412.0,ㄤL,,,10211,ga11鬲0ó0,,,ㄤL,,,,0.0,0,0,0,Τ,L,34170000,24200,,0.0,0
Y髀,┬a(ga+鬲)+ó,]呖だY髀砺袭绋10Fいァ隔5451~50腹,93.0,,,,10210,ga1鬲1ó1,,003,zぱ,懋aノ,ǎㄤLnOㄆ兜,1020611,223.02,4,3,3,Τ,Τ,10080000,45198,@加キ,0.0,0
n绍m,ga,_粪娇超q_粪娇长pq51~100a腹,40819.0,,sYaO|跋,L~ノa,10210,ga15鬲0ó0,,,ㄤL,,,,0.0,0,0,0,Τ,L,13500000,331,,0.0,0
Y髀,ga,ゆ传Wqs地pq1~50a腹,2254.0,A,,,10211,ga1鬲0ó0,,,ㄤL,,,,0.0,0,0,0,Τ,L,11500000,5102,,0.0,0
Y髀,ga,ゆ传Wqs地pq251~300a腹,1070.67,A,,,10211,ga1鬲0ó0,,,ㄤL,,,,0.0,0,0,0,Τ,L,4696000,4386,,0.0,0
そ]m,ga,陈霍d201~250a腹,0.44,,,,10210,ga1鬲0ó0,,,ㄤL,,,,0.0,0,0,0,Τ,L,6600,0,,0.0,0
裟趼,ga,裟醅q3751~3800a腹,1218.0,,sYaO|跋,Aノa,10210,ga1鬲0ó0,,,ㄤL,,,,0.0,0,0,0,Τ,L,2000000,1642,,0.0,0
Y髀,ga,砍Hq751~800a腹,3358.98,,sYaO|跋,Aノa,10211,ga1鬲0ó0,,,ㄤL,,,,0.0,0,0,0,Τ,L,5600000,1667,,0.0,0
Y髀,ga,脔打q351~400a腹,1968.34,A,,,10211,ga3鬲0ó0,,,ㄤL,,,,0.0,0,0,0,Τ,L,17050000,8662,,0.0,0
Y髀,┬a(ga+鬲),]呖だY髀恧澶屁3FHF隔Gq2251~50腹,100.0,,,,10210,ga2鬲1ó0,,003,zぱ,懋aノ,葵惮V井gy,0930407,192.25,5,3,3,Τ,L,8170000,42497,,0.0,0
Y髀,┬a(ga+鬲),]呖だY髀慝嵘塄2F地_隔51~100腹,90.0,,,,10211,ga1鬲1ó0,,002,zぱ,懋aノ,葵惮V井gy,0910115,136.11,5,3,4,Τ,L,8760000,64360,,0.0,0
Y髀,┬a(ga+鬲),]呖だY髀愆Mキ9Fい地隔8501~50腹,123.23,,,,10211,ga2鬲1ó0,,004,zぱ,ǎㄤLnOㄆ兜,葵惮V井gy,0931213,247.2,3,2,3,Τ,L,8620000,34871,,0.0,0
Y髀,ga,舴浆q651~700a腹,161.39,,sYaO|跋,贺乜vノa,10211,ga2鬲0ó0,,,ㄤL,,,,0.0,0,0,0,Τ,L,3450000,21377,,0.0,0
λn马,ga,ゅてq1051~1100a腹,158.73,,,,10211,ga1鬲0ó0,,,ㄤL,,,,0.0,0,0,0,Τ,L,11693639,73670,,0.0,0
λn马,ga,ゅてq1051~1100a腹,19.94,,,,10211,ga1鬲0ó0,,,ㄤL,,,,0.0,0,0,0,Τ,L,1468979,73670,,0.0,0
TWm,ga,je┏q401~450a腹,533.0,,sYaO|跋,贺乜vノa,10211,ga2鬲0ó0,,,ㄤL,,,,0.0,0,0,0,Τ,L,906100,1700,,0.0,0
λn马,ga,_砍q1~50a腹,256.17,,m跋,A贺乜vノa,10211,ga2鬲0ó0,,,ㄤL,,,,0.0,0,0,0,Τ,L,10073700,39324,,0.0,0
]撺,┬a(ga+鬲)+ó,]呖き]呱]ドM2FドM隔51~100腹,43.89,,m跋,A贺乜vノa,10211,ga1鬲1ó1,Ch,,地H(10htHUΤq辫),懋aノ,葵惮V井gy,0850815,127.56,4,2,2,Τ,Τ,2768800,21706,ㄤL,21.29,0
]撺,┬a(ga+鬲),]呖き]呱]ゅt9Fゅo隔255101~50腹,24.6,,,,10209,ga1鬲1ó0,せh,006,地H(10htHUΤq辫),懋aノ,葵惮V井gy,0881205,68.59,2,2,2,Τ,L,2300000,33533,,0.0,0
]撺,┬a(ga+鬲),]呖き]呱]舴建25F锭101~150腹,8.65,,m跋,A贺乜vノa,10211,ga1鬲1ó0,@h,005,M┬(1┬1U1矫),懋aノ,葵惮V井gy,0851030,28.28,1,1,1,Τ,Τ,250000,8840,,0.0,0
]撺,┬a(ga+鬲),]呖き]呱]舴建25F锭101~150腹,9.11,,m跋,A贺乜vノa,10211,ga1鬲1ó0,Th,005,M┬(1┬1U1矫),懋aノ,葵惮V井gy,0851030,26.39,1,1,1,Τ,Τ,250000,9473,,0.0,0
Y髀,┬a(ga+鬲)+ó,]呖だY髀恙X砍5F_砍刁51~100腹,26.85,,,,10210,ga1鬲1ó1,せh,011,恙vj加(11htHWΤq辫),ǎㄤLnOㄆ兜,葵惮V井gy,1020909,152.92000000000002,3,2,2,Τ,L,5900000,42249,YDキ,33.39,850000
Y髀,┬a(ga+鬲)+ó,]呖だY髀恙X砍5F_砍刁51~100腹,26.85,,,,10210,ga1鬲1ó1,Gh,011,恙vj加(11htHWΤq辫),ǎㄤLnOㄆ兜,葵惮V井gy,1020909,148.32,3,2,2,Τ,L,5360000,39011,ど熬鞅,23.74,500000
Y髀,┬a(ga+鬲)+ó,]呖だY髀恙X砍5F_砍刁51~100腹,26.85,,,,10210,ga1鬲1ó1,|h,011,恙vj加(11htHWΤq辫),ǎㄤLnOㄆ兜,葵惮V井gy,1020909,143.59,3,2,2,Τ,L,5340000,40384,ど熬鞅,23.74,500000
Y髀,┬a(ga+鬲),]呖だY髀砺袭绋10FHq隔301~350腹,91.56,,,,10212,ga1鬲1ó0,,004,zぱ,ǎㄤLnOㄆ兜,ǎㄤLnOㄆ兜,0941013,228.5,4,2,3,Τ,L,13500000,59081,,0.0,0
Y髀,ga,せXq1201~1250a腹,33.9,,,,10211,ga1鬲0ó0,,,ㄤL,,,,0.0,0,0,0,Τ,L,1220739,36010,,0.0,0
q]马,ga,_墩痕q401~450a腹,2090.0,,sYaO|跋,Aノa,10211,ga1鬲0ó0,,,ㄤL,,,,0.0,0,0,0,Τ,L,1800000,861,,0.0,0
Y髀,┬a(ga+鬲),]呖だY髀慝匕戗13FO娴1~50腹,21.8,,,,10211,ga1鬲1ó0,きh,008,恙vj加(11htHWΤq辫),懋aノ,葵惮V井gy,0881028,138.7,4,2,2,Τ,L,5650000,40735,,0.0,0
Y髀,┬a(ga+鬲),]呖だY髀恧澶屁13Fゅて刁51~100腹,151.0,,,,10211,ga1鬲1ó0,,003,zぱ,懋aノ,葵惮V井gy,0680629,216.66,3,2,2,Τ,L,11400000,52617,,0.0,0
Y髀,┬a(ga+鬲),]呖だY髀砜偿|刁61~50腹,201.84,,m跋,A贺乜vノa,10211,ga1鬲1ó0,,002,zぱ,懋aノ,[jjy,0730413,118.56,1,2,1,Τ,L,3500000,29521,,0.0,0
Y髀,┬a(ga+鬲),]呖だY髀恧sU11FKwG隔3571~50腹,53.0,,,,10211,ga1鬲1ó0,,002,zぱ,懋aノ,[jjy,0670715,68.16,4,2,2,Τ,L,4400000,64554,,0.0,0
Y髀,ga,ッsq551~600a腹,1.77,,,,10207,ga1鬲0ó0,,,ㄤL,,,,0.0,0,0,0,Τ,L,37277000,21060452,,0.0,0
Y髀,ga,ッsq451~500a腹,1036.94,,,,10207,ga3鬲0ó0,,,ㄤL,,,,0.0,0,0,0,Τ,L,37277000,35949,,0.0,0
そ]m,ga,_eq751~800a腹,1397.0,,sYaO|跋,Aノa,10212,ga1鬲0ó0,,,ㄤL,,,,0.0,0,0,0,Τ,L,1500000,1074,,0.0,0
そ]m,ga,_eq701~750a腹,120.83,,sYaO|跋,Aノa,10212,ga1鬲0ó0,,,ㄤL,,,,0.0,0,0,0,Τ,L,120000,993,,0.0,0
裟趼,ga,jWLq301~350a腹,22412.0,,sYaO|跋,L~ノa,10211,ga1鬲0ó0,,,ㄤL,,,,0.0,0,0,0,Τ,L,2000000,89,,0.0,0
Y髀,ga,バdq@pq151~200a腹,103.0,,,,10211,ga1鬲0ó0,,,ㄤL,,,,0.0,0,0,0,Τ,L,4050475,39325,,0.0,0
TWm,ga,ッMsq1~50a腹,6741.33,,sYaO|跋,Aノa,10211,ga22鬲0ó0,,,ㄤL,,,,0.0,0,0,0,Τ,L,7500000,1113,,0.0,0
Y髀,┬a(ga+鬲),]呖だY髀矸s地13Fいタ@隔1621~50腹,105.33,,,,10210,ga1鬲1ó0,,003,zぱ,懋aノ,ǎㄤLnOㄆ兜,1011206,191.34,3,1,3,Τ,L,7500000,39197,,0.0,0
Y髀,ga,いァq1051~1100a腹,186.58,,,,10209,ga2鬲0ó0,,,ㄤL,,,,0.0,0,0,0,Τ,L,26300000,140958,,0.0,0
Tqm,ga,蛮s兼q601~650a腹,2767.0,,sYaO|跋,Aノa,10211,ga1鬲0ó0,,,ㄤL,,,,0.0,0,0,0,Τ,L,4500000,1626,,0.0,0
簧rm,ga,Ty憩q401~450a腹,8269.5,,sYaO|跋,Aノa,10211,ga6鬲0ó0,,,ㄤL,,,,0.0,0,0,0,Τ,L,15390000,1861,,0.0,0
y爵m,ga,逆打q951~1000a腹,20887.0,,sYaO|跋,Aノa,10211,ga4鬲0ó0,,,ㄤL,,,,0.0,0,0,0,Τ,L,24835000,1189,,0.0,0
λn马,ga,ぱnq51~100a腹,1679.88,A,,,10211,ga1鬲0ó0,,,ㄤL,,,,0.0,0,0,0,Τ,L,26930000,16031,,0.0,0
b柑马,ga,b_q951~1000a腹,111.38,,,,10211,ga2鬲0ó0,,,ㄤL,,,,0.0,0,0,0,Τ,L,950000,8529,,0.0,0
b柑马,ga,马wq801~850a腹,2199.99,,SwA~跋,Aノa,10211,ga2鬲0ó0,,,ㄤL,,,,0.0,0,0,0,Τ,L,8318500,3781,,0.0,0
b柑马,ga,酯鞋q1001~1050a腹,1789.0,,SwA~跋,Aノa,10210,ga2鬲0ó0,,,ㄤL,,,,0.0,0,0,0,Τ,L,8658720,4840,,0.0,0
λn马,┬a(ga+鬲)+ó,]呖う双n马い地10FjP刁51~100腹,70.89,,,,10211,ga1鬲1ó1,,004,zぱ,戆鹰,葵惮V井gy,0870620,212.35,6,2,3,Τ,L,7250000,34142,ㄤL,0.0,0
崂s马,ga,T郴q251~300a腹,510.25,,@牍A~跋,Aノa,10204,ga1鬲0ó0,,,ㄤL,,,,0.0,0,0,0,Τ,L,3500000,6859,,0.0,0
λn马,┬a(ga+鬲),]呖う双n马jH19Fき褐s1~50腹,61.67,,m跋,A贺乜vノa,10211,ga2鬲1ó0,,003,zぱ,懋aノ,[jjy,0700821,151.26,3,2,2,Τ,L,765496,5061,,0.0,0
λn马,┬a(ga+鬲),]呖う双n马j悫17Fj犁隔71411~50腹,91.35,,,,10106,ga2鬲1ó0,,004,zぱ,ǎㄤLnOㄆ兜,葵惮V井gy,1021018,253.19,5,2,3,Τ,L,9380000,37047,,0.0,0
Tqm,ga,╀l打q251~300a腹,221.0,,sYaO|跋,Aノa,10211,ga1鬲0ó0,,,ㄤL,,,,0.0,0,0,0,Τ,L,601673,2723,,0.0,0
λn马,ga,λnq@pq551~600a腹,94.5,,,,10212,ga1鬲0ó0,,,ㄤL,,,,0.0,0,0,0,Τ,L,3600000,38095,,0.0,0
y爵m,ga,Hゅ打q401~450a腹,2530.5,,sYaO|跋,Aノa,10210,ga4鬲0ó0,,,ㄤL,,,,0.0,0,0,0,Τ,L,9500000,3754,,0.0,0
b柑马,ga,jHqjHpq151~200a腹,642.67,,SwA~跋,ヒ贺乜vノa,10211,ga1鬲0ó0,,,ㄤL,,,,0.0,0,0,0,Τ,L,4676800,7277,,0.0,0
]撺,ga,褐q1501~1550a腹,100.31,,,,10211,ga1鬲0ó0,,,ㄤL,,,,0.0,0,0,0,Τ,L,3800000,37883,,0.0,0
b柑马,ga,s砍q901~950a腹,90.18,ㄤL,,,10211,ga1鬲0ó0,,,ㄤL,,,,0.0,0,0,0,Τ,L,3000000,33267,,0.0,0
そ]m,ga,きé，q901~950a腹,522.0,A,,,10212,ga1鬲0ó0,,,ㄤL,,,,0.0,0,0,0,Τ,L,9500000,18199,,0.0,0
]撺,┬a(ga+鬲),]呖き]呱]ゅt9Fゅo隔255101~50腹,38.38,,,,10211,ga1鬲1ó0,Gh,005,地H(10htHUΤq辫),懋aノ,葵惮V井gy,0880930,115.77,3,1,1,Τ,L,1800000,15548,,0.0,0
]撺,┬a(ga+鬲),]呖き]呱]┎F隔951~50腹,32.12,,,,10211,ga1鬲1ó0,Gh,,そJ(5加tHULq辫),懋aノ,葵惮V井gy,0671125,82.48,3,1,2,Τ,L,2000000,24248,,0.0,0
]撺,┬a(ga+鬲),]呖き]呱]秤Q29FsF刁j1~50腹,862.0,A,,,10211,ga1鬲1ó0,@hAGhATh,,A,A,葵惮V井gy,0800915,252.11,3,2,3,Τ,L,10050000,,,0.0,0
]撺,┬a(ga+鬲),]呖き]呱]ド地21Fド蝴隔1~50腹,2.54,,m跋,A贺乜vノa,10212,ga1鬲1ó0,@h,005,┍(┍Q),坝~ノ,ǎㄤLnOㄆ兜,1000614,10.61,1,0,0,Τ,L,1150000,108388,,0.0,0
]撺,┬a(ga+鬲),]呖き]呱]褐P4Fッd1~50腹,51.06,,,,10210,ga3鬲1ó0,,,zぱ,坝~ノ,[jjy,,69.41,0,0,0,L,L,1200000,17289,,0.0,0
]撺,┬a(ga+鬲),]呖き]呱]_]8F绢ó隔51~100腹,435.0,,,,10211,ga0鬲1ó0,,002,zぱ,懋aノ,[jjy,0750720,391.73,4,2,3,Τ,L,20000000,51056,,0.0,0
裟趼,┬a(ga+鬲),]呖え裟趼恧さ馗1~50腹,74.15,,,,10211,ga2鬲1ó0,,002,zぱ,懋aノ,[jjy,0840220,105.36,3,2,3,Τ,L,4000000,37965,,0.0,0
j打m,ga,砍aq201~250a腹,6508.0,,sYaO|跋,Aノa,10211,ga3鬲0ó0,,,ㄤL,,,,0.0,0,0,0,Τ,L,1350000,207,,0.0,0
裟趼,ga,s绢|q451~500a腹,8757.43,,sYaO|跋,Aノa,10210,ga3鬲0ó0,,,ㄤL,,,,0.0,0,0,0,Τ,L,5000000,571,,0.0,0
酽wm,ga,n~衄q101~150a腹,7714.0,,sYaO|跋,Aノa,10212,ga1鬲0ó0,,,ㄤL,,,,0.0,0,0,0,Τ,L,600000,78,,0.0,0
j打m,ga,jdq901~950a腹,6797.79,,sYaO|跋,Aノa,10212,ga3鬲0ó0,,,ㄤL,,,,0.0,0,0,0,Τ,L,26218080,3857,,0.0,0
j打m,ga,砍aq301~350a腹,7245.0,,sYaO|跋,Aノa,10212,ga1鬲0ó0,,,ㄤL,,,,0.0,0,0,0,Τ,L,2500000,345,,0.0,0
j打m,ga,R打q801~850a腹,479.76,,,,10211,ga8鬲0ó0,,,ㄤL,,,,0.0,0,0,0,Τ,L,4000000,8338,,0.0,0
]撺,┬a(ga+鬲),]呖き]呱]廿\5F廿\刁51~50腹,96.58,,,,10211,ga2鬲1ó0,,004,zぱ,懋aノ,葵惮V井gy,0951207,189.92000000000002,3,2,3,Τ,L,8600000,45282,,0.0,0
q]马,ga,n地q1551~1600a腹,19.63,,SwA~跋,Aノa,10212,ga1鬲0ó0,,,ㄤL,,,,0.0,0,0,0,Τ,L,25000,1274,,0.0,0
q]马,ga,_墩痕q651~700a腹,447.5,,sYaO|跋,Aノa,10211,ga1鬲0ó0,,,ㄤL,,,,0.0,0,0,0,Τ,L,3100000,6927,,0.0,0
λn马,┬a(ga+鬲)+ó,]呖う双n马sn7Fッs隔Gq51~100腹,25.83,,,,10211,ga1鬲1ó1,Gh,011,恙vj加(11htHWΤq辫),ǎㄤLnOㄆ兜,葵惮V井gy,1020822,125.48,3,2,2,Τ,Τ,4200000,33471,ど熬鞅,0.0,0
λn马,┬a(ga+鬲),]呖う双n马sn7Fッs隔Gq51~100腹,25.47,,,,10211,ga1鬲1ó0,Gh,011,恙vj加(11htHWΤq辫),ǎㄤLnOㄆ兜,葵惮V井gy,1020822,109.67999999999999,3,2,2,Τ,Τ,3800000,34646,,0.0,0
λn马,┬a(ga+鬲)+ó,]呖う双n马sn7Fッs隔Gq51~100腹,25.47,,,,10211,ga1鬲1ó1,Gh,011,恙vj加(11htHWΤq辫),ǎㄤLnOㄆ兜,葵惮V井gy,1020822,123.91999999999999,3,2,2,Τ,L,4230000,34135,ど熬鞅,0.0,0
λn马,┬a(ga+鬲),]呖う双n马sn7Fッs隔Gq51~100腹,25.39,,,,10211,ga1鬲1ó0,Th,011,恙vj加(11htHWΤq辫),ǎㄤLnOㄆ兜,葵惮V井gy,1020822,109.41999999999999,3,2,2,Τ,Τ,3830000,35003,,0.0,0
λn马,┬a(ga+鬲)+ó,]呖う双n马sn7Fッs隔Gq51~100腹,25.47,,,,10211,ga1鬲1ó1,Th,011,恙vj加(11htHWΤq辫),ǎㄤLnOㄆ兜,葵惮V井gy,1020822,123.94,3,2,2,Τ,Τ,4300000,34694,ど熬鞅,0.0,0
λn马,┬a(ga+鬲)+ó,]呖う双n马sn7Fッs隔Gq51~100腹,25.83,,,,10211,ga1鬲1ó1,Th,011,恙vj加(11htHWΤq辫),ǎㄤLnOㄆ兜,葵惮V井gy,1020822,125.48,3,2,2,Τ,Τ,4380000,34906,ど熬鞅,0.0,0
λn马,┬a(ga+鬲)+ó,]呖う双n马sn7Fッs隔Gq51~100腹,25.47,,,,10211,ga1鬲1ó1,Th,011,恙vj加(11htHWΤq辫),ǎㄤLnOㄆ兜,葵惮V井gy,1020822,123.91999999999999,3,2,2,Τ,Τ,4260000,34377,ど熬鞅,0.0,0
λn马,ga,jPq1251~1300a腹,120.03,,,,10210,ga1鬲0ó0,,,ㄤL,,,,0.0,0,0,0,Τ,L,5000000,41656,,0.0,0
λn马,ga,s获q301~350a腹,150.67,ㄤL,,,10211,ga1鬲0ó0,,,ㄤL,,,,0.0,0,0,0,Τ,L,237000,1573,,0.0,0
λn马,┬a(ga+鬲)+ó,]呖う双n马sn7Fsn刁1101~50腹,31.71,,,,10211,ga1鬲1ó1,Gh,006,地H(10htHUΤq辫),懋aノ,葵惮V井gy,1001014,118.06,3,2,2,Τ,L,5100000,43198,ㄤL,0.0,0
λn马,┬a(ga+鬲),]呖う双n马}じ4F}じ隔501~550腹,29.97,坝,,,10110,ga1鬲1ó0,Gh,005,そJ(5加tHULq辫),懋aノ,葵惮V井gy,1020722,105.9,3,1,2,Τ,L,4050000,38244,,0.0,0
λn马,┬a(ga+鬲),]呖う双n马}じ4F}じ隔501~550腹,21.53,坝,,,10112,ga1鬲1ó0,Gh,005,そJ(5加tHULq辫),懋aノ,葵惮V井gy,1020722,76.01,3,1,2,Τ,L,3250000,42758,,0.0,0
λn马,ga,_砍q1~50a腹,92.04,,m跋,A贺乜vノa,10211,ga1鬲0ó0,,,ㄤL,,,,0.0,0,0,0,Τ,L,2645000,28738,,0.0,0
λn马,ga,sㄎq251~300a腹,50.0,,,,10211,ga1鬲0ó0,,,ㄤL,,,,0.0,0,0,0,Τ,L,2117500,42350,,0.0,0
b柑马,┬a(ga+鬲),]呖きb柑马酯楔9F酯101~150腹,2649.0,,SwA~跋,Aノa,10211,ga2鬲1ó0,,002,zぱ,A,葵惮V井gy,0840715,281.96,7,3,2,Τ,L,12000000,42559,,0.0,0
λn马,┬a(ga+鬲),]呖う双n马λn马犁L9F吏カ隔Tq1251~100腹,95.45,,,,10210,ga3鬲1ó0,,004,zぱ,ǎㄤLnOㄆ兜,葵惮V井gy,1011122,240.26,5,2,4,Τ,L,12880000,53609,,0.0,0
璐蚨m,ga,蔼Hq301~350a腹,2617.0,,sYaO|跋,Aノa,10210,ga1鬲0ó0,,,ㄤL,,,,0.0,0,0,0,Τ,L,6300000,2407,,0.0,0
Y髀,┬a(ga+鬲)+ó,]呖だY髀恧澶屁1FHq隔451~500腹,29.13,,,,10211,ga1鬲1ó1,Th,005,地H(10htHUΤq辫),懋aノ,ǎㄤLnOㄆ兜,0990909,101.65,3,2,1,Τ,L,4800000,47221,ど熬鞅,0.0,0
Y髀,ga,U砍q351~400a腹,2520.0,,SwA~跋,Aノa,10208,ga1鬲0ó0,,,ㄤL,,,,0.0,0,0,0,Τ,L,13520000,5365,,0.0,0
j打m,ga,j打q1951~2000a腹,300.0,,sYaO|跋,贺乜vノa,10211,ga1鬲0ó0,,,ㄤL,,,,0.0,0,0,0,Τ,L,1250000,4167,,0.0,0
j打m,ga,n打q1301~1350a腹,10240.0,,sYaO|跋,Aノa,10211,ga1鬲0ó0,,,ㄤL,,,,0.0,0,0,0,Τ,L,2500000,244,,0.0,0
Y髀,┬a(ga+鬲),]呖だY髀恧W砍15Fッ鞯91~50腹,20.08,,sYaO|跋,贺乜vノa,10211,ga1鬲1ó0,|h,007,地H(10htHUΤq辫),懋aノ,葵惮V井gy,0860827,75.19,3,2,2,Τ,L,1350000,17955,,0.0,0
Y髀,┬a(ga+鬲),]呖だY髀慝嵘塄10FHq隔5501~50腹,106.0,,,,10211,ga1鬲1ó0,,003,zぱ,懋aノ,葵惮V井gy,1020527,244.2,4,3,3,Τ,L,8800000,36036,,0.0,0
Y髀,┬a(ga+鬲),]呖だY髀恧娣亘13FいタG隔10731~50腹,85.97,,m跋,A贺乜vノa,10211,ga1鬲1ó0,,002,zぱ,懋aノ,[jjy,0690828,127.68,4,2,2,Τ,L,1300000,10182,,0.0,0
Y髀,ga,Y鳜q@pq701~750a腹,3.45,ㄤL,,,10211,ga1鬲0ó0,,,ㄤL,,,,0.0,0,0,0,Τ,L,36000,10435,,0.0,0
崂s马,ga,Wd}q1251~1300a腹,340.85,,SwA~跋,ヒ贺乜vノa,10210,ga2鬲0ó0,,,ㄤL,,,,0.0,0,0,0,Τ,L,1300000,3814,,0.0,0
Y髀,┬a(ga+鬲),]呖だY髀恧W砍15Fッ鞯91~50腹,23.35,,sYaO|跋,贺乜vノa,10210,ga1鬲1ó0,Th,007,地H(10htHUΤq辫),懋aノ,葵惮V井gy,0860827,87.29,3,2,2,Τ,L,1680000,19246,,0.0,0
Y髀,ó,]呖だY髀恧W砍12Fッ鞯91~50腹,0.0,,,,10211,ga0鬲0ó1,,,ㄤL,,,,13.93,0,0,0,Τ,L,250000,,YDキ,13.93,250000
Y髀,┬a(ga+鬲),]呖だY髀恧W砍15Fッ鞯1~50腹,23.39,,sYaO|跋,贺乜vノa,10211,ga1鬲1ó0,Gh,007,地H(10htHUΤq辫),懋aノ,葵惮V井gy,0860827,95.55,3,2,2,Τ,L,2400000,25118,,0.0,0
Y髀,┬a(ga+鬲),]呖だY髀恧W砍15Fッ鞯11~50腹,23.08,,sYaO|跋,贺乜vノa,10211,ga1鬲1ó0,Th,007,地H(10htHUΤq辫),懋aノ,葵惮V井gy,0860827,94.33999999999999,3,2,2,Τ,L,1800000,19080,,0.0,0
Y髀,┬a(ga+鬲),]呖だY髀恧W砍15Fッ鞯91~50腹,23.35,,sYaO|跋,贺乜vノa,10211,ga1鬲1ó0,きh,007,地H(10htHUΤq辫),懋aノ,葵惮V井gy,0860827,87.29,3,2,2,Τ,L,1640000,18788,,0.0,0
Y髀,ó,]呖だY髀恧W砍15Fッ鞯91~50腹,0.0,,,,10211,ga0鬲0ó1,,,ㄤL,,,,13.93,0,0,0,Τ,L,280000,,YDキ,13.93,280000
Y髀,┬a(ga+鬲),]呖だY髀矸s地10Fいタ@隔11~50腹,80.87,,,,10211,ga1鬲1ó0,,004,zぱ,懋aノ,葵惮V井gy,0861009,242.77999999999997,5,2,3,Τ,L,6000000,24714,,0.0,0
Y髀,┬a(ga+鬲),]呖だY髀恁隶通6FIQ刁141~50腹,30.93,,,,10211,ga1鬲1ó0,Th,007,地H(10htHUΤq辫),懋aノ,葵惮V井gy,0820820,132.26,3,2,2,Τ,Τ,3150000,23817,,0.0,0
Y髀,ó,]呖だY髀恧W砍12Fッ鞯1~50腹,0.0,,,,10211,ga0鬲0ó1,,,ㄤL,,,,13.3,0,0,0,Τ,L,300000,,YDキ,13.3,300000
Y髀,┬a(ga+鬲),]呖だY髀恧W砍15Fッ鞯1~50腹,23.39,,sYaO|跋,贺乜vノa,10210,ga1鬲1ó0,@h,007,地H(10htHUΤq辫),懋aノ,葵惮V井gy,0860827,95.39999999999999,3,2,2,Τ,L,1780000,18658,,0.0,0
Y髀,ó,]呖だY髀恧W砍12Fッ鞯1~50腹,0.0,,,,10210,ga0鬲0ó1,,,ㄤL,,,,13.97,0,0,0,Τ,L,250000,,YDキ,13.96,250000
Y髀,┬a(ga+鬲),]呖だY髀恧W砍15Fッ鞯71~50腹,24.95,,sYaO|跋,贺乜vノa,10211,ga1鬲1ó0,きh,007,地H(10htHUΤq辫),懋aノ,葵惮V井gy,0860827,93.53,3,2,2,Τ,L,2000000,21384,,0.0,0
Y髀,┬a(ga+鬲),]呖だY髀恧W砍15Fッ鞯31~50腹,24.16,,sYaO|跋,贺乜vノa,10210,ga1鬲1ó0,|h,007,地H(10htHUΤq辫),懋aノ,葵惮V井gy,0860827,98.59,3,2,2,Τ,L,2060000,20895,,0.0,0
Y髀,ó,]呖だY髀恧W砍12Fッ鞯51~50腹,0.0,,,,10211,ga0鬲0ó1,,,ㄤL,,,,13.74,0,0,0,Τ,L,300000,,YDキ,13.74,300000
Y髀,┬a(ga+鬲),]呖だY髀恧W砍15Fッ鞯91~50腹,23.35,,sYaO|跋,贺乜vノa,10211,ga1鬲1ó0,きh,007,地H(10htHUΤq辫),懋aノ,葵惮V井gy,0860827,87.29,3,2,2,Τ,L,1550000,17757,,0.0,0
Y髀,ó,]呖だY髀恧W砍12Fッ鞯91~50腹,0.0,,,,10211,ga0鬲0ó1,,,ㄤL,,,,13.93,0,0,0,Τ,L,250000,,YDキ,13.93,250000
Y髀,┬a(ga+鬲),]呖だY髀恧W砍15Fッ鞯111~50腹,26.17,,sYaO|跋,贺乜vノa,10210,ga1鬲1ó0,Ch,007,地H(10htHUΤq辫),懋aノ,葵惮V井gy,0860827,97.85,3,2,2,Τ,L,1750000,17885,,0.0,0
Y髀,┬a(ga+鬲),]呖だY髀憩来颞18FいタT隔271~50腹,96.32,,m跋,A贺乜vノa,10211,ga2鬲1ó0,,002,zぱ,懋aノ,葵惮V井g[jjy,0681231,132.84,3,1,4,Τ,L,5800000,43662,,0.0,0
Y髀,ó,]呖だY髀恧W砍12Fッ鞯111~50腹,0.0,,,,10211,ga0鬲0ó1,,,ㄤL,,,,13.39,0,0,0,Τ,L,250000,,YDキ,13.38,250000
Y髀,ó,]呖だY髀恧W砍12Fッ鞯111~50腹,0.0,,,,10210,ga0鬲0ó1,,,ㄤL,,,,13.39,0,0,0,Τ,L,300000,,YDキ,13.39,300000
Y髀,┬a(ga+鬲),]呖だY髀恧W砍15Fッ鞯111~50腹,24.11,,sYaO|跋,贺乜vノa,10210,ga1鬲1ó0,せh,007,地H(10htHUΤq辫),懋aノ,葵惮V井gy,0860827,77.29,3,1,2,Τ,L,1700000,21995,,0.0,0
Y髀,┬a(ga+鬲)+ó,]呖だY髀恧澶屁15FKwG隔2721~50腹,31.65,,,,10204,ga5鬲1ó1,Th,009,地H(10htHUΤq辫),ǎㄤLnOㄆ兜,葵惮V井gy,1020807,144.14,3,2,2,Τ,Τ,5270000,36562,@加キ,0.0,0
Y髀,┬a(ga+鬲)+ó,]呖だY髀恧澶屁15FKwG隔2721~50腹,31.65,,,,10202,ga5鬲1ó1,|h,009,地H(10htHUΤq辫),ǎㄤLnOㄆ兜,葵惮V井gy,1020807,151.6,3,2,2,Τ,Τ,5000000,32982,YDキ,0.0,0
Y髀,┬a(ga+鬲)+ó,]呖だY髀恧澶屁15FKwG隔2721~50腹,31.65,,,,10201,ga5鬲1ó1,きh,009,地H(10htHUΤq辫),ǎㄤLnOㄆ兜,葵惮V井gy,1020807,153.0,3,2,2,Τ,Τ,5000000,32680,@加キ,0.0,0
Y髀,┬a(ga+鬲)+ó,]呖だY髀恧澶屁15FKwG隔2721~50腹,29.14,,,,10205,ga5鬲1ó1,せh,009,地H(10htHUΤq辫),ǎㄤLnOㄆ兜,葵惮V井gy,1020807,143.32999999999998,3,2,2,Τ,Τ,4980000,34745,YDキ,0.0,0
Y髀,┬a(ga+鬲)+ó,]呖だY髀恧澶屁15FKwG隔2721~50腹,31.65,,,,10105,ga5鬲1ó1,Ch,009,地H(10htHUΤq辫),ǎㄤLnOㄆ兜,葵惮V井gy,1020807,152.89,3,2,2,Τ,Τ,5200000,34011,@加キ,0.0,0
Y髀,┬a(ga+鬲)+ó,]呖だY髀恧澶屁15FKwG隔2721~50腹,31.65,,,,10202,ga5鬲1ó1,Kh,009,地H(10htHUΤq辫),ǎㄤLnOㄆ兜,葵惮V井gy,1020807,153.54,3,2,2,Τ,Τ,5380000,35040,@加キ,0.0,0
裟趼,ga,荒a打q501~550a腹,1000.0,,sYaO|跋,L~ノa,10212,ga1鬲0ó0,,,ㄤL,,,,0.0,0,0,0,Τ,L,400000,400,,0.0,0
裟趼,ga,荒a打q501~550a腹,2000.0,,sYaO|跋,L~ノa,10212,ga2鬲0ó0,,,ㄤL,,,,0.0,0,0,0,Τ,L,800000,400,,0.0,0
j打m,ga,j打q201~250a腹,1219.0,,sYaO|跋,Aノa,10211,ga1鬲0ó0,,,ㄤL,,,,0.0,0,0,0,Τ,L,1000000,820,,0.0,0
Y髀,┬a(ga+鬲),]呖だY髀恧W砍15Fッ鞯91~50腹,23.35,,sYaO|跋,贺乜vノa,10211,ga1鬲1ó0,@h,007,地H(10htHUΤq辫),懋aノ,葵惮V井gy,0860827,87.29,3,2,2,Τ,L,1700000,19475,,0.0,0
Y髀,┬a(ga+鬲),]呖だY髀恧W砍15Fッ鞯91~50腹,22.74,,sYaO|跋,贺乜vノa,10211,ga1鬲1ó0,@h,007,地H(10htHUΤq辫),懋aノ,葵惮V井gy,0860827,85.22,3,2,2,Τ,L,1550000,18188,,0.0,0
Y髀,ó,]呖だY髀恧W砍12Fッ鞯1~50腹,0.0,,,,10211,ga0鬲0ó1,,,ㄤL,,,,13.3,0,0,0,Τ,L,260000,,YDキ,13.3,260000
Y髀,┬a(ga+鬲),]呖だY髀恧W砍15Fッ鞯31~50腹,24.16,,sYaO|跋,贺乜vノa,10212,ga1鬲1ó0,きh,007,地H(10htHUΤq辫),懋aノ,葵惮V井gy,0860827,98.59,3,2,2,Τ,L,1990000,20185,,0.0,0
Y髀,┬a(ga+鬲),]呖だY髀砺袭绋5F孪51~100腹,1111.99,,,,10209,ga3鬲1ó0,,002,zぱ,懋aノ,[jjy,0720609,302.96,7,2,2,Τ,L,87090000,287464,,0.0,0
Tqm,┬a(ga+鬲),]呖いTqm秤砍衄17711~50腹,129.86,,sYaO|跋,贺乜vノa,10211,ga2鬲1ó0,,003,zぱ,懋aノ,葵惮V井gy,0800320,203.84,5,2,3,Τ,L,6000000,29435,,0.0,0
璐蚨m,ga,き打q651~700a腹,2760.0,,sYaO|跋,Aノa,10211,ga1鬲0ó0,,,ㄤL,,,,0.0,0,0,0,Τ,L,2370000,859,,0.0,0
b柑马,┬a(ga+鬲),]呖きb柑马瑗1F┚H隔1~50腹,113.48,ㄤL,,,10211,ga1鬲1ó0,,004,zぱ,ǎㄤLnOㄆ兜,葵惮V井gy,1000708,164.47,6,2,3,Τ,L,9100000,55329,,0.0,0
λn马,ga,Q]eqslWpq401~450a腹,77.1,u,,,10210,ga1鬲0ó0,,,ㄤL,,,,0.0,0,0,0,Τ,L,1238997,16070,,0.0,0
λn马,┬a(ga+鬲),]呖う双n马f19FO褐隔401~450腹,92.0,,SwA~跋,ヒ贺乜vノa,10211,ga1鬲1ó0,,002,zぱ,懋aノ,[jjy,0680710,132.34,3,2,2,Τ,L,2800000,21158,,0.0,0
y爵m,┬a(ga+鬲),]呖こy爵m酵ゅ5F|^K刁51~100腹,18.18,,sYaO|跋,贺乜vノa,10212,ga1鬲1ó0,Th,004,M┬(1┬1U1矫),懋aノ,葵惮V井gy,0910417,27.720000000000002,1,0,1,Τ,Τ,500000,18038,,0.0,0
λn马,┬a(ga+鬲),]呖う双n马j悫23F瓣鞯20551~100腹,145.86,u,,,10211,ga6鬲1ó0,,003,zぱ,ǎㄤLnOㄆ兜,葵惮V井gy,0970428,178.1,4,3,4,Τ,L,7460000,41887,,0.0,0
y爵m,ga,キwq101~150a腹,345.32,,m跋,A贺乜vノa,10211,ga1鬲0ó0,,,ㄤL,,,,0.0,0,0,0,Τ,L,1000000,2896,,0.0,0
崂s马,ga,sΘq1~50a腹,270.0,,,,10211,ga1鬲0ó0,,,ㄤL,,,,0.0,0,0,0,Τ,L,10617750,39325,,0.0,0
y爵m,ga,j璎q551~600a腹,171.31,,sYaO|跋,Aノa,10211,ga1鬲0ó0,,,ㄤL,,,,0.0,0,0,0,Τ,L,300000,1751,,0.0,0
λn马,┬a(ga+鬲)+ó,]呖う双n马sn7Fッs隔Gq51~100腹,25.47,,,,10211,ga1鬲1ó1,Th,011,恙vj加(11htHWΤq辫),ǎㄤLnOㄆ兜,葵惮V井gy,1020822,139.2,3,2,2,Τ,Τ,4660000,33477,YDキ,0.0,0
λn马,┬a(ga+鬲)+ó,]呖う双n马sn7Fッs隔Gq51~100腹,28.7,,,,10211,ga1鬲1ó1,|h,011,恙vj加(11htHWΤq辫),ǎㄤLnOㄆ兜,葵惮V井gy,1020822,109.41999999999999,3,2,2,Τ,Τ,4700000,42954,@加キ,0.0,0
λn马,┬a(ga+鬲)+ó,]呖う双n马sn7Fッs隔Gq51~100腹,25.83,,,,10211,ga1鬲1ó1,|h,011,恙vj加(11htHWΤq辫),ǎㄤLnOㄆ兜,葵惮V井gy,1020822,140.76,3,2,2,Τ,Τ,4660000,33106,YDキ,0.0,0
λn马,┬a(ga+鬲)+ó,]呖う双n马sn7Fッs隔Gq51~100腹,25.47,,,,10211,ga1鬲1ó1,|h,011,恙vj加(11htHWΤq辫),ǎㄤLnOㄆ兜,葵惮V井gy,1020822,123.91999999999999,3,2,2,Τ,Τ,4700000,37928,ど熬鞅,0.0,0
λn马,┬a(ga+鬲)+ó,]呖う双n马sn7Fッs隔Gq51~100腹,25.39,,,,10211,ga1鬲1ó1,きh,011,恙vj加(11htHWΤq辫),ǎㄤLnOㄆ兜,葵惮V井gy,1020822,138.95,3,2,2,Τ,Τ,5000000,35984,YDキ,0.0,0
λn马,┬a(ga+鬲)+ó,]呖う双n马sn7Fッs隔Gq51~100腹,28.78,,,,10211,ga1鬲1ó1,きh,011,恙vj加(11htHWΤq辫),ǎㄤLnOㄆ兜,葵惮V井gy,1020822,109.69,3,2,2,Τ,Τ,4950000,45127,@加キ,0.0,0
λn马,┬a(ga+鬲)+ó,]呖う双n马sn7Fッs隔Gq51~100腹,25.83,,,,10211,ga1鬲1ó1,きh,011,恙vj加(11htHWΤq辫),ǎㄤLnOㄆ兜,葵惮V井gy,1020822,140.76,3,2,2,Τ,L,4880000,34669,YDキ,0.0,0
λn马,┬a(ga+鬲)+ó,]呖う双n马sn7Fッs隔Gq51~100腹,25.83,,,,10211,ga1鬲1ó1,きh,011,恙vj加(11htHWΤq辫),ǎㄤLnOㄆ兜,葵惮V井gy,1020822,140.76,3,2,2,Τ,Τ,5060000,35948,YDキ,0.0,0
λn马,┬a(ga+鬲)+ó,]呖う双n马sn7Fッs隔Gq51~100腹,25.47,,,,10211,ga1鬲1ó1,きh,011,恙vj加(11htHWΤq辫),ǎㄤLnOㄆ兜,葵惮V井gy,1020822,221.41,3,2,2,Τ,Τ,5000000,22583,YDキ,0.0,0
λn马,┬a(ga+鬲)+ó,]呖う双n马sn7Fッs隔Gq51~100腹,25.47,,,,10211,ga1鬲1ó1,きh,011,恙vj加(11htHWΤq辫),ǎㄤLnOㄆ兜,葵惮V井gy,1020822,139.2,3,2,2,Τ,Τ,4920000,35345,YDキ,0.0,0
λn马,┬a(ga+鬲)+ó,]呖う双n马sn7Fッs隔Gq51~100腹,25.39,,,,10211,ga1鬲1ó1,せh,011,恙vj加(11htHWΤq辫),ǎㄤLnOㄆ兜,葵惮V井gy,1020822,138.95,3,2,2,Τ,Τ,5060000,36416,YDキ,0.0,0
b柑马,ga,b璎q1401~1450a腹,144.83,A,,,10211,ga1鬲0ó0,,,ㄤL,,,,0.0,0,0,0,Τ,L,2920000,20162,,0.0,0
b柑马,ga,币みq1051~1100a腹,2423.59,,SwA~跋,Aノa,10111,ga1鬲0ó0,,,ㄤL,,,,0.0,0,0,0,Τ,L,7697800,3176,,0.0,0
]撺,┬a(ga+鬲),]呖き]呱]古s15F褐堕刁101~150腹,147.52,,,,10211,ga1鬲1ó0,,003,zぱ,懋aノ,葵惮V井gy,0991229,192.04,3,2,2,Τ,L,10200000,53114,,0.0,0
]撺,┬a(ga+鬲),]呖き]呱]褐P15F古褐刁1771~50腹,58.31,,,,10211,ga2鬲1ó0,きhA|h,005,そJ(5加tHULq辫),懋aノ,葵惮V井gy,0830329,171.07,4,2,1,Τ,L,2600000,15198,,0.0,0
]撺,┬a(ga+鬲),]呖き]呱]ゅt15Fゅo隔43571~50腹,138.0,,sYaO|跋,贺乜vノa,10211,ga1鬲1ó0,,,zぱ,懋aノ,葵惮V井gy,0820827,215.4,4,2,3,Τ,L,4050000,18802,,0.0,0
]撺,┬a(ga+鬲),]呖き]呱]25Fチ壁隔661~50腹,24.07,,,,10212,ga1鬲1ó0,Th,005,そJ(5加tHULq辫),懋aノ,葵惮V井gy,0701228,82.8,3,2,2,Τ,L,2270000,27415,,0.0,0
]撺,┬a(ga+鬲),]呖き]呱]s^13Fぱ不101~150腹,85.38,,sYaO|跋,贺乜vノa,10211,ga1鬲1ó0,,003,zぱ,ǎㄤLnOㄆ兜,葵惮V井gy,0831122,151.67,3,2,2,Τ,L,1330000,8769,,0.0,0
]撺,┬a(ga+鬲)+ó,]呖き]呱]舴建24Fいタ隔13631~50腹,26.5,,,,10209,ga1鬲2ó1,きh,,地H(10htHUΤq辫),懋aノ,葵惮V井gy,0810113,129.43,3,2,2,Τ,Τ,2150000,16611,ど熬鞅,23.82,0
]撺,┬a(ga+鬲),]呖き]呱]s^10Fぱ不301~350腹,126.71,,sYaO|跋,贺乜vノa,10211,ga2鬲1ó0,,003,zぱ,懋aノ,葵惮V井gy,0860315,131.16,4,2,2,Τ,L,3180000,24245,,0.0,0
そ]m,┬a(ga+鬲),]呖い嚼]mきé18Fきé1~50腹,129.13,u,,,10211,ga3鬲1ó0,,003,zぱ,ǎㄤLnOㄆ兜,葵惮V井gy,0960605,199.27,5,2,3,Τ,L,6100000,30612,,0.0,0
]撺,┬a(ga+鬲),]呖き]呱]褐P29Fい地F刁101~150腹,44.67,,,,10211,ga1鬲1ó0,きh,005,地H(10htHUΤq辫),懋aノ,葵惮V井gy,0940107,129.96,3,2,2,Τ,Τ,3380000,26008,,0.0,0
]撺,┬a(ga+鬲),]呖き]呱]シq8Fいタ隔1051~1100腹,6.36,,,,10211,ga3鬲1ó0,せh,010,M┬(1┬1U1矫),懋aノ,葵惮V井gy,0960716,49.489999999999995,1,1,1,Τ,Τ,1050000,21216,,0.0,0
]撺,ga,エJq151~200a腹,258.12,坝,,,10208,ga4鬲0ó0,,,ㄤL,,,,0.0,0,0,0,Τ,L,13430000,52030,,0.0,0
裟趼,ga,裟醅q3051~3100a腹,1316.0,,sYaO|跋,Aノa,10212,ga1鬲0ó0,,,ㄤL,,,,0.0,0,0,0,Τ,L,380000,289,,0.0,0
裟趼,ga,荒a打q1~50a腹,127.77,,sYaO|跋,贺乜vノa,10211,ga1鬲0ó0,,,ㄤL,,,,0.0,0,0,0,Τ,L,1352750,10587,,0.0,0
j打m,ga,j打q651~700a腹,10032.0,,sYaO|跋,Aノa,10211,ga2鬲0ó0,,,ㄤL,,,,0.0,0,0,0,Τ,L,1500000,150,,0.0,0
j打m,ga,R打q551~600a腹,18.49,ㄤL,,,10210,ga1鬲0ó0,,,ㄤL,,,,0.0,0,0,0,Τ,L,307175,16613,,0.0,0
j打m,ga,R打q551~600a腹,9.21,ㄤL,,,10210,ga1鬲0ó0,,,ㄤL,,,,0.0,0,0,0,Τ,L,152625,16572,,0.0,0
j打m,ga,R打q551~600a腹,17.6,ㄤL,,,10210,ga2鬲0ó0,,,ㄤL,,,,0.0,0,0,0,Τ,L,292050,16594,,0.0,0
j打m,ga,R打q551~600a腹,16.53,ㄤL,,,10210,ga2鬲0ó0,,,ㄤL,,,,0.0,0,0,0,Τ,L,273900,16570,,0.0,0
j打m,ga,R打q551~600a腹,7.86,ㄤL,,,10210,ga1鬲0ó0,,,ㄤL,,,,0.0,0,0,0,Τ,L,130075,16549,,0.0,0
j打m,ga,R打q551~600a腹,3.96,ㄤL,,,10210,ga1鬲0ó0,,,ㄤL,,,,0.0,0,0,0,Τ,L,65175,16458,,0.0,0
裟趼,ga,]伦q251~300a腹,2268.54,,SwA~跋,Aノa,10209,ga2鬲0ó0,,,ㄤL,,,,0.0,0,0,0,Τ,L,2700000,1190,,0.0,0
粪兼m,ga,KàL601~650a腹,1000.0,,sYaO|跋,L~ノa,10212,ga1鬲0ó0,,,ㄤL,,,,0.0,0,0,0,Τ,L,175000,175,,0.0,0
裟趼,ga,wq801~850a腹,96.7,,m跋,A贺乜vノa,10212,ga2鬲0ó0,,,ㄤL,,,,0.0,0,0,0,Τ,L,731294,7563,,0.0,0
裟趼,ga,瑭Wq451~500a腹,486.19,,sYaO|跋,贺乜vノa,10211,ga1鬲0ó0,,,ㄤL,,,,0.0,0,0,0,Τ,L,6500000,13369,,0.0,0
そ]m,ga,bl，q651~700a腹,79.0,,SwA~跋,ヒ贺乜vノa,10211,ga1鬲0ó0,,,ㄤL,,,,0.0,0,0,0,Τ,L,820000,10380,,0.0,0
λn马,┬a(ga+鬲)+ó,]呖う双n马sn7Fッs隔Gq51~100腹,25.47,,,,10211,ga1鬲1ó1,せh,011,恙vj加(11htHWΤq辫),ǎㄤLnOㄆ兜,葵惮V井gy,1020822,139.22,3,2,2,Τ,Τ,5020000,36058,YDキ,0.0,0
λn马,┬a(ga+鬲),]呖う双n马f25F|~隔23311~50腹,103.5,,,,10211,ga3鬲1ó0,,004,zぱ,懋aノ,葵惮V井gy,0921107,145.56,4,2,3,Τ,L,6050000,41564,,0.0,0
崂s马,┬a(ga+鬲),]呖か崂s马H郴3F郴F隔1~50腹,1317.32,,sYaO|跋,Aノa,10209,ga2鬲1ó0,@hAGh,002,A,A,葵惮V井gy,1020902,266.0,3,2,3,Τ,L,2600000,,,0.0,0
λn马,ga,Θ\q851~900a腹,199.74,,,,10211,ga3鬲0ó0,,,ㄤL,,,,0.0,0,0,0,Τ,L,2896254,14500,,0.0,0
λn马,┬a(ga+鬲),]呖う双n马T郴4Fys1~50腹,169.68,,@牍A~跋,ヒ贺乜vノa,10212,ga3鬲1ó0,,004,zぱ,懋aノ,葵惮V井gy,0840614,211.29,5,2,3,Τ,L,3800000,17985,,0.0,0
