鄉鎮市區,交易標的,土地區段位置或建物區門牌,土地移轉總面積平方公尺,都市土地使用分區,非都市土地使用分區,非都市土地使用編定,交易年月,交易筆棟數,移轉層次,總樓層數,建物型態,主要用途,主要建材,建築完成年月,建物移轉總面積平方公尺,建物現況格局-房,建物現況格局-廳,建物現況格局-衛,建物現況格局-隔間,有無管理組織,總價元,單價每平方公尺,車位類別,車位移轉總面積平方公尺,車位總價元
彰化市,土地,竹中段851~900地號,46.37,,鄉村區,乙種建築用地,10211,土地1建物0車位0,,,其他,,,,0.0,0,0,0,有,無,771546,16639,,0.0,0
花壇鄉,土地,南白沙坑段1151~1200地號,4243.48,,山坡地保育區,農牧用地,10210,土地1建物0車位0,,,其他,,,,0.0,0,0,0,有,無,10660000,2512,,0.0,0
彰化市,房地(土地+建物),彰化縣彰化巿臺化街16巷1~50號,65.0,住,,,10211,土地1建物1車位0,全,001,透天厝,住家用,鋼筋混凝土加強磚造,0620423,38.3,1,1,1,有,無,1650000,43081,,0.0,0
秀水鄉,土地,馬興段801~850地號,6869.0,,特定農業區,農牧用地,10211,土地2建物0車位0,,,其他,,,,0.0,0,0,0,有,無,50000000,7279,,0.0,0
彰化市,土地,茄苳段851~900地號,145.22,,特定農業區,甲種建築用地,10211,土地2建物0車位0,,,其他,,,,0.0,0,0,0,有,無,3843000,26463,,0.0,0
彰化市,房地(土地+建物),彰化縣彰化巿彰南路二段348巷137弄1~50號,93.24,,山坡地保育區,丙種建築用地,10210,土地6建物1車位0,全,003,透天厝,見其他登記事項,鋼筋混凝土造,0861020,200.23,4,2,2,有,有,6000000,29966,,0.0,0
彰化市,房地(土地+建物),彰化縣彰化巿中華西路571巷1~50號,18.83,住,,,10211,土地1建物1車位0,六層,012,住宅大樓(11層含以上有電梯),見其他登記事項,鋼筋混凝土造,0830831,137.68,4,2,2,有,有,2930000,21281,,0.0,0
彰化市,土地,石牌段751~800地號,4122.64,,山坡地保育區,農牧用地,10210,土地1建物0車位0,,,其他,,,,0.0,0,0,0,有,無,3200000,776,,0.0,0
彰化市,房地(土地+建物),彰化縣彰化巿長壽街151~200號,45.45,商,,,10210,土地3建物1車位0,二層,005,公寓(5樓含以下無電梯),住家用,鋼筋混凝土造,0760723,111.9,3,2,2,有,無,3500000,31278,,0.0,0
和美鎮,房地(土地+建物)+車位,彰化縣和美鎮彰草路二段269巷1~50號,100.56,,鄉村區,乙種建築用地,10210,土地2建物1車位1,全,003,透天厝,見其他登記事項,鋼筋混凝土造,1020823,197.01,5,2,3,有,無,8180000,41521,一樓平面,0.0,0
伸港鄉,房地(土地+建物),彰化縣伸港鄉七嘉村中華路196巷1~50號,84.0,住,,,10210,土地1建物1車位0,全,004,透天厝,住商用,鋼筋混凝土造,0820519,185.3,4,3,3,有,無,3300000,17809,,0.0,0
伸港鄉,土地,泉州厝段1001~1050地號,1923.0,,一般農業區,農牧用地,10211,土地1建物0車位0,,,其他,,,,0.0,0,0,0,有,無,3230640,1680,,0.0,0
鹿港鎮,土地,永安段3351~3400地號,93.77,住,,,10211,土地4建物0車位0,,,其他,,,,0.0,0,0,0,有,無,3350000,35726,,0.0,0
鹿港鎮,建物,彰化縣鹿港鎮民享街50巷1~50號,0.0,,,,10211,土地0建物1車位0,全,003,透天厝,見其他登記事項,鋼筋混凝土造,1020327,163.2,4,2,3,有,無,2650000,16238,,0.0,0
福興鄉,土地,福安段1351~1400地號,2897.78,,特定農業區,農牧用地,10210,土地1建物0車位0,,,其他,,,,0.0,0,0,0,有,無,2318224,800,,0.0,0
福興鄉,土地,文昌段1301~1350地號,2570.0,,特定農業區,農牧用地,10210,土地1建物0車位0,,,其他,,,,0.0,0,0,0,有,無,3855000,1500,,0.0,0
鹿港鎮,土地,東昇段1601~1650地號,351.8,,鄉村區,乙種建築用地,10211,土地4建物0車位0,,,其他,,,,0.0,0,0,0,有,無,5860500,16659,,0.0,0
福興鄉,房地(土地+建物),彰化縣福興鄉福興村福興路154巷1~50號,70.79,,一般農業區,甲種建築用地,10211,土地1建物1車位0,全,002,透天厝,住家用,加強磚造,0691129,101.12,0,0,0,無,無,1900000,18790,,0.0,0
員林鎮,房地(土地+建物),彰化縣員林鎮浮圳巷1~50號,115.78,,鄉村區,乙種建築用地,10211,土地3建物1車位0,全,002,透天厝,住家用,鋼筋混凝土造,0830923,83.38,3,2,2,有,無,3800000,45574,,0.0,0
員林鎮,房地(土地+建物)+車位,彰化縣員林鎮大仁南街1~50號,23.89,住,,,10211,土地1建物1車位1,六層,008,華廈(10層含以下有電梯),住家用,鋼筋混凝土造,0830309,153.93,3,2,2,有,有,4800000,31183,升降機械,0.0,0
員林鎮,房地(土地+建物)+車位,彰化縣員林鎮南平里新生路325巷1~50號,20.66,住,,,10210,土地3建物1車位1,八層,014,住宅大樓(11層含以上有電梯),見其他登記事項,鋼筋混凝土造,1020826,156.26999999999998,3,2,2,有,有,5200000,34178,坡道平面,21.68,600000
員林鎮,土地,香山段201~250地號,855.02,,特定農業區,農牧用地,10211,土地1建物0車位0,,,其他,,,,0.0,0,0,0,有,無,5000000,5848,,0.0,0
員林鎮,土地,豐年段1051~1100地號,496.34,住,,,10210,土地1建物0車位0,,,其他,,,,0.0,0,0,0,有,無,45042000,90748,,0.0,0
員林鎮,土地,三橋段2301~2350地號,175.62,住,,,10210,土地1建物0車位0,,,其他,,,,0.0,0,0,0,有,無,15150000,86266,,0.0,0
大村鄉,土地,貢旗段201~250地號,73.37,農,,,10211,土地1建物0車位0,,,其他,,,,0.0,0,0,0,有,無,1050000,14311,,0.0,0
員林鎮,房地(土地+建物)+車位,彰化縣員林鎮南平里新生路325巷1~50號,23.57,住,,,10210,土地3建物1車位1,四層,014,住宅大樓(11層含以上有電梯),見其他登記事項,鋼筋混凝土造,1020826,156.26999999999998,3,2,2,有,有,5000000,33063,坡道平面,21.68,550000
員林鎮,房地(土地+建物)+車位,彰化縣員林鎮南平里新生路325巷1~50號,48.58,住,,,10210,土地3建物1車位2,四層,014,住宅大樓(11層含以上有電梯),見其他登記事項,鋼筋混凝土造,1020826,373.23,5,2,3,有,有,12000000,32740,坡道平面,43.36,1200000
員林鎮,房地(土地+建物)+車位,彰化縣員林鎮南平里新生路325巷1~50號,18.63,住,,,10210,土地3建物1車位1,三層,014,住宅大樓(11層含以上有電梯),見其他登記事項,鋼筋混凝土造,1020826,671.5699999999999,3,2,2,有,有,4450000,5847,坡道平面,21.68,650000
員林鎮,房地(土地+建物)+車位,彰化縣員林鎮南平里新生路325巷1~50號,18.62,住,,,10210,土地3建物1車位1,四層,014,住宅大樓(11層含以上有電梯),見其他登記事項,鋼筋混凝土造,1020826,139.93,2,2,2,有,有,4200000,30867,坡道平面,21.68,550000
員林鎮,房地(土地+建物)+車位,彰化縣員林鎮南平里新生路325巷1~50號,25.75,住,,,10210,土地3建物1車位1,六層,014,住宅大樓(11層含以上有電梯),見其他登記事項,鋼筋混凝土造,1020826,198.22,4,2,2,有,有,7050000,36536,坡道平面,21.68,600000
員林鎮,房地(土地+建物)+車位,彰化縣員林鎮南平里新生路325巷1~50號,20.66,住,,,10210,土地3建物1車位1,六層,014,住宅大樓(11層含以上有電梯),見其他登記事項,鋼筋混凝土造,1020826,156.26999999999998,3,2,2,有,有,5200000,34178,坡道平面,21.68,600000
員林鎮,房地(土地+建物)+車位,彰化縣員林鎮南平里新生路325巷1~50號,25.75,住,,,10210,土地3建物1車位1,七層,014,住宅大樓(11層含以上有電梯),見其他登記事項,鋼筋混凝土造,1020826,198.22,4,2,2,有,有,7020000,36082,坡道平面,21.68,650000
員林鎮,房地(土地+建物)+車位,彰化縣員林鎮南平里新生路325巷1~50號,22.82,住,,,10210,土地3建物1車位1,六層,014,住宅大樓(11層含以上有電梯),見其他登記事項,鋼筋混凝土造,1020826,175.01,3,2,2,有,有,5950000,34892,坡道平面,21.68,600000
員林鎮,房地(土地+建物)+車位,彰化縣員林鎮南平里新生路325巷1~50號,18.62,住,,,10210,土地3建物1車位1,七層,014,住宅大樓(11層含以上有電梯),見其他登記事項,鋼筋混凝土造,1020826,139.93,3,2,2,有,有,4500000,32981,坡道平面,21.68,600000
員林鎮,房地(土地+建物)+車位,彰化縣員林鎮南平里新生路325巷1~50號,26.16,住,,,10210,土地3建物1車位1,七層,014,住宅大樓(11層含以上有電梯),見其他登記事項,鋼筋混凝土造,1020826,175.01,4,2,2,有,有,6000000,35218,坡道平面,21.68,600000
員林鎮,房地(土地+建物)+車位,彰化縣員林鎮南平里新生路325巷1~50號,18.62,住,,,10210,土地3建物1車位1,八層,014,住宅大樓(11層含以上有電梯),見其他登記事項,鋼筋混凝土造,1020826,139.93,3,2,2,有,有,4600000,34249,坡道平面,21.68,550000
員林鎮,房地(土地+建物)+車位,彰化縣員林鎮南平里新生路325巷1~50號,26.16,住,,,10210,土地3建物1車位1,八層,014,住宅大樓(11層含以上有電梯),見其他登記事項,鋼筋混凝土造,1020826,175.01,3,2,2,有,有,6050000,35870,坡道平面,21.68,550000
員林鎮,房地(土地+建物)+車位,彰化縣員林鎮南平里新生路325巷1~50號,18.62,住,,,10210,土地3建物1車位1,九層,014,住宅大樓(11層含以上有電梯),見其他登記事項,鋼筋混凝土造,1020826,139.93,2,2,2,有,有,4500000,32981,坡道平面,21.68,600000
員林鎮,房地(土地+建物)+車位,彰化縣員林鎮南平里新生路325巷1~50號,20.66,住,,,10210,土地3建物1車位1,十層,014,住宅大樓(11層含以上有電梯),見其他登記事項,鋼筋混凝土造,1020826,156.26999999999998,3,2,2,有,有,5280000,35144,坡道平面,21.68,550000
員林鎮,房地(土地+建物)+車位,彰化縣員林鎮南平里新生路325巷1~50號,29.62,住,,,10210,土地3建物1車位1,十層,014,住宅大樓(11層含以上有電梯),見其他登記事項,鋼筋混凝土造,1020826,198.22,3,2,2,有,有,7000000,35969,坡道平面,21.68,650000
員林鎮,房地(土地+建物)+車位,彰化縣員林鎮南平里新生路325巷1~50號,18.62,住,,,10210,土地3建物1車位1,十一層,014,住宅大樓(11層含以上有電梯),見其他登記事項,鋼筋混凝土造,1020826,139.93,3,2,2,有,有,4640000,33742,坡道平面,21.68,650000
員林鎮,房地(土地+建物)+車位,彰化縣員林鎮南平里新生路325巷1~50號,20.66,住,,,10210,土地3建物1車位1,十二層,014,住宅大樓(11層含以上有電梯),見其他登記事項,鋼筋混凝土造,1020826,156.26999999999998,3,2,2,有,有,5220000,34326,坡道平面,21.68,600000
員林鎮,房地(土地+建物)+車位,彰化縣員林鎮南平里新生路325巷1~50號,20.66,住,,,10210,土地3建物1車位1,十三層,014,住宅大樓(11層含以上有電梯),見其他登記事項,鋼筋混凝土造,1020826,156.26999999999998,3,2,2,有,有,5400000,35664,坡道平面,21.68,600000
員林鎮,房地(土地+建物)+車位,彰化縣員林鎮南平里新生路325巷1~50號,18.62,住,,,10210,土地3建物1車位1,十三層,014,住宅大樓(11層含以上有電梯),見其他登記事項,鋼筋混凝土造,1020826,139.93,3,2,2,有,有,4780000,35349,坡道平面,21.68,600000
員林鎮,房地(土地+建物)+車位,彰化縣員林鎮南平里新生路325巷1~50號,20.66,住,,,10210,土地3建物1車位1,十四層,014,住宅大樓(11層含以上有電梯),見其他登記事項,鋼筋混凝土造,1020826,156.26999999999998,2,2,2,有,有,5350000,35292,坡道平面,21.68,600000
大村鄉,房地(土地+建物),彰化縣大村鄉擺塘巷1~50號,51.53,,鄉村區,乙種建築用地,10211,土地2建物1車位0,全,003,透天厝,住商用,鋼筋混凝土造,0841215,62.76,3,1,2,有,無,1450000,23104,,0.0,0
員林鎮,土地,三多段651~700地號,138.63,住,,,10210,土地1建物0車位0,,,其他,,,,0.0,0,0,0,有,無,3937786,28405,,0.0,0
田中鎮,土地,大崙段151~200地號,2884.73,,特定農業區,農牧用地,10211,土地1建物0車位0,,,其他,,,,0.0,0,0,0,有,無,4459500,1546,,0.0,0
田中鎮,土地,大崙段151~200地號,1088.32,,特定農業區,農牧用地,10211,土地1建物0車位0,,,其他,,,,0.0,0,0,0,有,無,1684500,1548,,0.0,0
田中鎮,房地(土地+建物),彰化縣田中鎮北路里復興路551~600號,139.0,住,,,10211,土地1建物1車位0,全,004,透天厝,見其他登記事項,鋼筋混凝土造,0830917,443.25,4,9,7,有,無,11500000,25945,,0.0,0
社頭鄉,房地(土地+建物),彰化縣社頭鄉社石路556巷51~100號,83.93,,特定農業區,甲種建築用地,10210,土地1建物1車位0,全,003,透天厝,住家用,鋼筋混凝土造,0840627,137.97,4,2,3,有,無,4400000,31891,,0.0,0
田中鎮,房地(土地+建物),彰化縣田中鎮福安路101~150號,69.0,住,,,10211,土地1建物1車位0,全,003,透天厝,住商用,鋼筋混凝土加強磚造,0671207,140.83,3,2,2,有,無,5700000,40474,,0.0,0
埤頭鄉,房地(土地+建物),彰化縣埤頭鄉永興街151~200號,85.96,住,,,10211,土地2建物1車位0,全,003,透天厝,住宅,鋼筋混凝土造,1020913,158.96,4,2,3,有,無,5800000,36487,,0.0,0
埤頭鄉,房地(土地+建物),彰化縣埤頭鄉永興街151~200號,82.61,住,,,10211,土地2建物1車位0,全,003,透天厝,住宅,鋼筋混凝土造,1020913,158.96,4,2,3,有,無,5800000,36487,,0.0,0
埤頭鄉,房地(土地+建物),彰化縣埤頭鄉永興街151~200號,82.16,住,,,10211,土地2建物1車位0,全,003,透天厝,住宅,鋼筋混凝土造,1020913,158.96,4,2,3,有,無,5200000,32713,,0.0,0
埤頭鄉,房地(土地+建物),彰化縣埤頭鄉永興街151~200號,83.6,住,,,10211,土地2建物1車位0,全,003,透天厝,住宅,鋼筋混凝土造,1020913,158.96,4,2,3,有,無,5350000,33656,,0.0,0
埤頭鄉,土地,中和段301~350地號,552.0,,鄉村區,乙種建築用地,10210,土地1建物0車位0,,,其他,,,,0.0,0,0,0,有,無,165052,299,,0.0,0
二林鎮,土地,外竹段301~350地號,2963.0,,特定農業區,農牧用地,10211,土地1建物0車位0,,,其他,,,,0.0,0,0,0,有,無,3555600,1200,,0.0,0
芳苑鄉,房地(土地+建物),彰化縣芳苑鄉安家新?s2街1~50號,85.42,,一般農業區,甲種建築用地,10210,土地2建物1車位0,全,003,透天厝,住家用,鋼筋混凝土造,0920507,143.1,3,2,3,有,無,1080000,7547,,0.0,0
芳苑鄉,房地(土地+建物),彰化縣芳苑鄉安家新?s七街1~50號,81.17,,一般農業區,甲種建築用地,10210,土地2建物1車位0,全,003,透天厝,住家用,鋼筋混凝土造,0930914,142.53,3,2,3,有,無,820000,5753,,0.0,0
二林鎮,土地,外竹段1~50地號,1996.0,,特定農業區,農牧用地,10210,土地1建物0車位0,,,其他,,,,0.0,0,0,0,有,無,2395200,1200,,0.0,0
芳苑鄉,土地,新湖段501~550地號,119.67,,鄉村區,乙種建築用地,10211,土地1建物0車位0,,,其他,,,,0.0,0,0,0,有,無,1500000,12534,,0.0,0
溪湖鎮,土地,湖北段201~250地號,1514.95,,特定農業區,農牧用地,10211,土地1建物0車位0,,,其他,,,,0.0,0,0,0,有,無,4545000,3000,,0.0,0
埔鹽鄉,土地,永興段1051~1100地號,2930.0,,特定農業區,農牧用地,10211,土地1建物0車位0,,,其他,,,,0.0,0,0,0,有,無,6970000,2379,,0.0,0
埔鹽鄉,土地,三省段51~100地號,27.0,,,,10211,土地1建物0車位0,,,其他,,,,0.0,0,0,0,有,無,67500,2500,,0.0,0
埔心鄉,房地(土地+建物),彰化縣埔心鄉東門村新興路51~100號,76.0,住,,,10211,土地1建物1車位0,全,003,透天厝,住家用,鋼筋混凝土造,0930302,143.68,5,2,3,有,無,6600000,45935,,0.0,0
溪湖鎮,房地(土地+建物),彰化縣溪湖鎮大突里大公十九街1~50號,93.0,住,,,10211,土地1建物1車位0,全,002,透天厝,住家用,鋼筋混凝土造,0790111,108.36,2,2,2,有,無,4200000,38760,,0.0,0
埔心鄉,房地(土地+建物),彰化縣埔心鄉新?路525巷1~50號,70.97,住,,,10210,土地2建物1車位0,全,004,透天厝,住商用,鋼筋混凝土造,0880915,114.88,5,2,3,有,無,3136000,27298,,0.0,0
彰化市,土地,牛稠子段中庄子小段51~100地號,3.0,,特定農業區,甲種建築用地,10211,土地1建物0車位0,,,其他,,,,0.0,0,0,0,有,無,210000,70000,,0.0,0
花壇鄉,土地,花壇段651~700地號,1960.0,農,,,10211,土地4建物0車位0,,,其他,,,,0.0,0,0,0,有,無,13050000,6658,,0.0,0
和美鎮,土地,大雅段1101~1150地號,402.0,,特定農業區,甲種建築用地,10211,土地2建物0車位0,,,其他,,,,0.0,0,0,0,有,無,2500000,6219,,0.0,0
員林鎮,土地,和平段1201~1250地號,298.03,住,,,10211,土地1建物0車位0,,,其他,,,,0.0,0,0,0,有,無,16123423,54100,,0.0,0
員林鎮,土地,大峰段101~150地號,1099.44,,山坡地保育區,農牧用地,10211,土地1建物0車位0,,,其他,,,,0.0,0,0,0,有,無,1100000,1001,,0.0,0
大村鄉,土地,平和段301~350地號,703.33,,一般農業區,甲種建築用地,10211,土地1建物0車位0,,,其他,,,,0.0,0,0,0,有,無,3000000,4265,,0.0,0
田尾鄉,土地,頂豐段951~1000地號,1628.0,,特定農業區,農牧用地,10210,土地1建物0車位0,,,其他,,,,0.0,0,0,0,有,無,3400000,2088,,0.0,0
埤頭鄉,土地,大湖厝段201~250地號,472.0,,特定農業區,甲種建築用地,10211,土地3建物0車位0,,,其他,,,,0.0,0,0,0,有,無,620000,1314,,0.0,0
田尾鄉,土地,田平段51~100地號,87.44,商,,,10211,土地1建物0車位0,,,其他,,,,0.0,0,0,0,有,無,2777000,31759,,0.0,0
田尾鄉,土地,田平段51~100地號,84.92,商,,,10211,土地1建物0車位0,,,其他,,,,0.0,0,0,0,有,無,2697000,31759,,0.0,0
溪湖鎮,房地(土地+建物),彰化縣溪湖鎮員鹿路三段351~400號,117.67,住,,,10211,土地1建物1車位0,全,004,透天厝,見其他登記事項,鋼筋混凝土造,1020430,252.2,4,2,5,有,無,13000000,51546,,0.0,0
溪湖鎮,土地,弘農段451~500地號,573.0,農,,,10211,土地1建物0車位0,,,其他,,,,0.0,0,0,0,有,無,5000000,8726,,0.0,0
和美鎮,土地,大雅段401~450地號,73.17,,鄉村區,乙種建築用地,10211,土地1建物0車位0,,,其他,,,,0.0,0,0,0,有,無,1350000,18450,,0.0,0
員林鎮,土地,復興段1251~1300地號,168.63,住,,,10211,土地1建物0車位0,,,其他,,,,0.0,0,0,0,有,無,7622245,45201,,0.0,0
員林鎮,土地,復興段1101~1150地號,103.5,住,,,10211,土地1建物0車位0,,,其他,,,,0.0,0,0,0,有,無,5376618,51948,,0.0,0
員林鎮,土地,三和段801~850地號,84.18,住,,,10211,土地1建物0車位0,,,其他,,,,0.0,0,0,0,有,無,3539769,42050,,0.0,0
花壇鄉,土地,中正段451~500地號,701.94,商,,,10210,土地4建物0車位0,,,其他,,,,0.0,0,0,0,有,無,26500000,37753,,0.0,0
溪湖鎮,土地,河興段351~400地號,1290.0,,特定農業區,農牧用地,10211,土地1建物0車位0,,,其他,,,,0.0,0,0,0,有,無,4579500,3550,,0.0,0
埔心鄉,房地(土地+建物),彰化縣埔心鄉永坡路三段401~450號,83.24,住,,,10210,土地1建物1車位0,全,003,透天厝,見其他登記事項,鋼筋混凝土造,1020325,165.3,0,0,0,無,無,7100000,42952,,0.0,0
二林鎮,房地(土地+建物),彰化縣二林鎮二溪路一段1~50號,43.18,住,,,10211,土地3建物1車位0,全,002,透天厝,住商用,見其他登記事項,0580115,90.2,4,2,3,有,無,3660000,40576,,0.0,0
二林鎮,房地(土地+建物),彰化縣二林鎮南光里20鄰果園街13巷1~50號,70.95,住,,,10210,土地1建物1車位0,全,004,透天厝,見其他登記事項,鋼骨鋼筋混凝土造,0940929,185.21,5,2,3,有,無,4500000,24297,,0.0,0
二林鎮,土地,塗子崙段外崙子腳小段501~550地號,2840.0,,特定農業區,農牧用地,10211,土地4建物0車位0,,,其他,,,,0.0,0,0,0,有,無,4544000,1600,,0.0,0
芳苑鄉,土地,建新段601~650地號,1802.24,,一般農業區,農牧用地,10211,土地1建物0車位0,,,其他,,,,0.0,0,0,0,有,無,1800000,999,,0.0,0
芳苑鄉,房地(土地+建物),彰化縣芳苑鄉二溪路草二段435巷1~50號,104.75,,鄉村區,乙種建築用地,10211,土地1建物1車位0,全,004,透天厝,住商用,鋼筋混凝土造,0880827,204.25,3,2,3,有,無,3200000,15667,,0.0,0
芳苑鄉,房地(土地+建物),彰化縣芳苑鄉安家新?s3街1~50號,83.42,,一般農業區,甲種建築用地,10211,土地2建物1車位0,全,003,透天厝,住家用,鋼筋混凝土造,0920507,140.85,3,2,3,有,無,1130000,8023,,0.0,0
芳苑鄉,房地(土地+建物),彰化縣芳苑鄉安家新?s2街1~50號,83.42,,一般農業區,甲種建築用地,10210,土地2建物1車位0,全,003,透天厝,住家用,鋼筋混凝土造,0920507,140.85,3,2,3,有,無,1100000,7810,,0.0,0
芳苑鄉,房地(土地+建物),彰化縣芳苑鄉安家新?s2街1~50號,83.42,,一般農業區,甲種建築用地,10210,土地2建物1車位0,全,003,透天厝,住家用,鋼筋混凝土造,0920507,140.85,3,2,3,有,無,1080000,7668,,0.0,0
溪州鄉,土地,登山段801~850地號,2599.4,,特定農業區,農牧用地,10211,土地1建物0車位0,,,其他,,,,0.0,0,0,0,有,無,3700000,1423,,0.0,0
溪州鄉,房地(土地+建物),彰化縣溪州鄉公正街1~50號,233.35,住,,,10211,土地1建物1車位0,全,003,透天厝,住宅,鋼筋混凝土造,1020328,263.81,5,3,3,有,無,9280000,35177,,0.0,0
埤頭鄉,土地,振興段351~400地號,976.0,,特定農業區,農牧用地,10211,土地1建物0車位0,,,其他,,,,0.0,0,0,0,有,無,1200000,1230,,0.0,0
社頭鄉,房地(土地+建物),彰化縣社頭鄉湳底巷1~50號,106.55,,鄉村區,乙種建築用地,10210,土地2建物1車位0,全,003,透天厝,住家用,鋼筋混凝土造,1020524,133.07,4,2,3,有,無,4650000,34944,,0.0,0
社頭鄉,房地(土地+建物),彰化縣社頭鄉草仔埤巷1弄1~50號,143.98,住,,,10211,土地4建物1車位0,全,003,透天厝,住家用,鋼筋混凝土造,1020528,157.8,4,2,3,有,無,6500000,41191,,0.0,0
社頭鄉,土地,新山清段401~450地號,170.52,,鄉村區,乙種建築用地,10209,土地1建物0車位0,,,其他,,,,0.0,0,0,0,有,無,773734,4537,,0.0,0
大村鄉,房地(土地+建物),彰化縣大村鄉南勢村南勢巷1~50號,68.79,住,,,10211,土地2建物1車位0,全,004,透天厝,住家用,鋼筋混凝土造,0850916,169.17,3,2,3,有,無,4500000,26600,,0.0,0
員林鎮,土地,溝皂段701~750地號,188.15,住,,,10211,土地1建物0車位0,,,其他,,,,0.0,0,0,0,有,無,14568960,77433,,0.0,0
員林鎮,土地,溝皂段701~750地號,183.57,住,,,10211,土地1建物0車位0,,,其他,,,,0.0,0,0,0,有,無,14215680,77440,,0.0,0
員林鎮,房地(土地+建物),彰化縣員林鎮員大路一段101~150號,87.82,,鄉村區,乙種建築用地,10209,土地4建物1車位0,全,005,透天厝,住家用,鋼筋混凝土造,1020320,229.58,7,3,8,有,有,16000000,69692,,0.0,0
員林鎮,房地(土地+建物),彰化縣員林鎮中山路二段456巷51~100號,111.13,住,,,10211,土地1建物1車位0,全,004,透天厝,見其他登記事項,鋼筋混凝土造,0971113,251.01,4,3,3,有,無,17000000,67726,,0.0,0
永靖鄉,房地(土地+建物),彰化縣永靖鄉光雲村劉厝巷35弄100衖1~50號,66.38,住,,,10209,土地2建物1車位0,全,004,透天厝,住家用,鋼筋混凝土造,0860927,144.33,4,2,4,有,無,3660000,25359,,0.0,0
大村鄉,土地,南勢段551~600地號,654.61,農,,,10211,土地1建物0車位0,,,其他,,,,0.0,0,0,0,有,無,2360000,3605,,0.0,0
大村鄉,土地,南勢段1~50地號,2307.77,工,,,10211,土地2建物0車位0,,,其他,,,,0.0,0,0,0,有,無,34206900,14822,,0.0,0
員林鎮,房地(土地+建物),彰化縣員林鎮成功東路351~400號,106.5,商,,,10211,土地1建物1車位0,全,004,透天厝,見其他登記事項,鋼筋混凝土造,1000930,395.03,7,1,8,有,無,14000000,35440,,0.0,0
員林鎮,土地,益民段251~300地號,122.94,,鄉村區,乙種建築用地,10208,土地1建物0車位0,,,其他,,,,0.0,0,0,0,有,無,3160000,25704,,0.0,0
員林鎮,房地(土地+建物),彰化縣員林鎮員集路二段244巷60弄101~150號,75.44,,鄉村區,乙種建築用地,10209,土地2建物1車位0,全,004,透天厝,住家用,鋼筋混凝土造,0850724,164.39,4,2,3,有,無,4350000,26461,,0.0,0
員林鎮,土地,復興段1351~1400地號,414.68,住,,,10211,土地1建物0車位0,,,其他,,,,0.0,0,0,0,有,無,19905055,48001,,0.0,0
員林鎮,土地,三和段1051~1100地號,104.58,住,,,10211,土地2建物0車位0,,,其他,,,,0.0,0,0,0,有,無,2950500,28213,,0.0,0
永靖鄉,土地,永昌段201~250地號,782.0,,特定農業區,農牧用地,10211,土地1建物0車位0,,,其他,,,,0.0,0,0,0,有,無,3560000,4552,,0.0,0
鹿港鎮,房地(土地+建物)+車位,彰化縣鹿港鎮民族路101~150號,14.44,商,,,10211,土地1建物1車位1,五層,014,住宅大樓(11層含以上有電梯),住家用,鋼筋混凝土造,0840614,120.64000000000001,3,2,2,有,有,3400000,28183,升降機械,0.0,0
福興鄉,土地,福新段101~150地號,14.36,,鄉村區,乙種建築用地,10211,土地1建物0車位0,,,其他,,,,0.0,0,0,0,有,無,347512,24200,,0.0,0
福興鄉,土地,永豐段251~300地號,3850.0,,特定農業區,農牧用地,10211,土地2建物0車位0,,,其他,,,,0.0,0,0,0,有,無,19000000,4935,,0.0,0
福興鄉,土地,三元段1151~1200地號,263.0,,鄉村區,乙種建築用地,10211,土地1建物0車位0,,,其他,,,,0.0,0,0,0,有,無,4677900,17787,,0.0,0
和美鎮,房地(土地+建物),彰化縣和美鎮鎮平里彰草路二段283巷1~50號,153.23,,鄉村區,乙種建築用地,10211,土地2建物1車位0,全,004,透天厝,住家用,鋼筋混凝土造,1020822,247.45,4,2,5,有,無,8300000,33542,,0.0,0
伸港鄉,土地,伸光段1101~1150地號,416.0,工,,,10210,土地1建物0車位0,,,其他,,,,0.0,0,0,0,有,無,8000000,19231,,0.0,0
芬園鄉,土地,芬園段501~550地號,95.03,住,,,10211,土地1建物0車位0,,,其他,,,,0.0,0,0,0,有,無,4885800,51413,,0.0,0
和美鎮,房地(土地+建物),彰化縣和美鎮鎮平里鎮南路1~50號,135.23,,鄉村區,乙種建築用地,10211,土地2建物1車位0,全,003,透天厝,見其他登記事項,鋼筋混凝土造,1020822,174.14,4,2,3,有,無,5860000,33651,,0.0,0
和美鎮,房地(土地+建物),彰化縣和美鎮鎮平里鎮南路1~50號,127.23,,鄉村區,乙種建築用地,10211,土地2建物1車位0,全,003,透天厝,見其他登記事項,鋼筋混凝土造,1020822,173.99,4,2,3,有,無,5680000,32646,,0.0,0
和美鎮,房地(土地+建物),彰化縣和美鎮道周路501~550號,18.0,住,,,10211,土地1建物1車位0,七層,013,住宅大樓(11層含以上有電梯),見其他登記事項,鋼筋混凝土造,0850923,127.28,2,2,1,有,有,3000000,23570,,0.0,0
和美鎮,土地,仁和段651~700地號,36.0,商,,,10211,土地1建物0車位0,,,其他,,,,0.0,0,0,0,有,無,2264040,62890,,0.0,0
和美鎮,土地,仁和段651~700地號,17.0,商,,,10211,土地1建物0車位0,,,其他,,,,0.0,0,0,0,有,無,1018130,59890,,0.0,0
和美鎮,土地,新庄子段201~250地號,91.77,,鄉村區,乙種建築用地,10210,土地2建物0車位0,,,其他,,,,0.0,0,0,0,有,無,2100000,22883,,0.0,0
伸港鄉,土地,伸南段301~350地號,18.0,住,,,10211,土地1建物0車位0,,,其他,,,,0.0,0,0,0,有,無,469980,26110,,0.0,0
彰化市,房地(土地+建物),彰化縣彰化巿民族路219巷51~100號,54.0,住,,,10210,土地1建物1車位0,全,001,透天厝,住家用,鋼筋混凝土加強磚造,0601227,37.93,1,1,1,有,無,1500000,39547,,0.0,0
彰化市,房地(土地+建物),彰化縣彰化巿崙平里平和十二街1~50號,76.0,住,,,10209,土地1建物1車位0,全,004,透天厝,見其他登記事項,鋼筋混凝土造,1020715,201.19,5,2,4,有,無,11700000,58154,,0.0,0
彰化市,房地(土地+建物),彰化縣彰化巿福山街136巷1~50號,95.36,,山坡地保育區,丙種建築用地,10210,土地2建物1車位0,全,002,透天厝,住家用,加強磚造,0690515,108.75,3,2,2,有,無,1189498,10938,,0.0,0
秀水鄉,土地,金興段1251~1300地號,1354.0,,特定農業區,農牧用地,10211,土地1建物0車位0,,,其他,,,,0.0,0,0,0,有,無,4812500,3554,,0.0,0
彰化市,土地,西勢子段過溝子小段101~150地號,196.0,住,,,10211,土地1建物0車位0,,,其他,,,,0.0,0,0,0,有,無,11500000,58673,,0.0,0
彰化市,房地(土地+建物),彰化縣彰化巿彰南路二段346巷31弄1~50號,45.86,,鄉村區,乙種建築用地,10211,土地1建物1車位0,三層,005,華廈(10層含以下有電梯),住家用,鋼筋混凝土造,0821026,119.91,3,2,2,有,無,3400000,28355,,0.0,0
彰化市,房地(土地+建物),彰化縣彰化巿實踐路36巷1~50號,81.0,住,,,10211,土地1建物1車位0,全,002,透天厝,住家用,鋼筋混凝土加強磚造,0620130,96.1,4,2,2,有,無,3480000,36212,,0.0,0
彰化市,房地(土地+建物),彰化縣彰化巿中山路二段920巷101~150號,58.0,住,,,10211,土地1建物1車位0,全,003,透天厝,見其他登記事項,鋼筋混凝土造,0970227,165.74,5,1,3,有,無,9000000,54302,,0.0,0
彰化市,房地(土地+建物),彰化縣彰化巿辭修北路198巷49弄1~50號,25.43,住,,,10211,土地1建物1車位0,九層,009,華廈(10層含以下有電梯),住家用,鋼筋混凝土造,0800816,136.93,4,2,2,有,有,3680000,26875,,0.0,0
彰化市,房地(土地+建物),彰化縣彰化巿桃源街55巷1~50號,66.62,住,,,10211,土地2建物1車位0,全,003,透天厝,住家用,鋼筋混凝土加強磚造,0650817,120.78,4,2,2,有,無,4500000,37258,,0.0,0
彰化市,房地(土地+建物),彰化縣彰化巿永生里中山路路二段351~400號,80.0,商,,,10211,土地2建物1車位0,全,003,透天厝,住商用,鋼筋混凝土加強磚造,0611226,215.99,2,2,3,有,無,12000000,55558,,0.0,0
彰化市,房地(土地+建物),彰化縣彰化巿互助一街1巷1~50號,147.31,,山坡地保育區,特定目的事業用地,10210,土地1建物1車位0,全,002,透天厝,住家用,加強磚造,0700831,85.69,2,2,2,有,無,3950000,46096,,0.0,0
彰化市,房地(土地+建物),彰化縣彰化巿中央路151~200號,7.2,住,,,10211,土地1建物1車位0,六層,016,住宅大樓(11層含以上有電梯),見其他登記事項,鋼筋混凝土造,0810711,80.53,3,2,2,有,有,1800000,22352,,0.0,0
彰化市,房地(土地+建物),彰化縣彰化巿中山路三段518巷1~50號,79.0,,鄉村區,乙種建築用地,10211,土地1建物1車位0,全,002,透天厝,住家用,鋼筋混凝土加強磚造,0650329,83.0,3,2,3,有,無,3180000,38313,,0.0,0
和美鎮,房地(土地+建物),彰化縣和美鎮嘉犁里嘉佃路768巷1~50號,89.0,,特定農業區,甲種建築用地,10211,土地1建物1車位0,全,002,透天厝,住家用,鋼筋混凝土加強磚造,0691215,98.8,3,2,3,有,無,2550000,25810,,0.0,0
和美鎮,房地(土地+建物),彰化縣和美鎮東萊路51~100號,38.08,,鄉村區,乙種建築用地,10211,土地1建物1車位0,五層,005,公寓(5樓含以下無電梯),住家用,鋼筋混凝土造,0800425,109.65,3,2,2,有,有,1830000,16689,,0.0,0
秀水鄉,土地,東興段801~850地號,73.45,住,,,10210,土地3建物0車位0,,,其他,,,,0.0,0,0,0,有,無,1206525,16426,,0.0,0
芬園鄉,土地,嘉興段401~450地號,2232.0,,特定農業區,農牧用地,10210,土地1建物0車位0,,,其他,,,,0.0,0,0,0,有,無,17500000,7841,,0.0,0
伸港鄉,土地,溪底段501~550地號,195.31,,鄉村區,乙種建築用地,10211,土地5建物0車位0,,,其他,,,,0.0,0,0,0,有,無,688440,3525,,0.0,0
伸港鄉,土地,溪底段501~550地號,185.92,,鄉村區,乙種建築用地,10211,土地2建物0車位0,,,其他,,,,0.0,0,0,0,有,無,641839,3452,,0.0,0
和美鎮,房地(土地+建物),彰化縣和美鎮鎮平里彰草路二段283巷1~50號,163.23,,鄉村區,乙種建築用地,10211,土地2建物1車位0,全,003,透天厝,見其他登記事項,鋼筋混凝土造,1020822,198.56,4,2,3,有,無,6850000,34498,,0.0,0
和美鎮,房地(土地+建物),彰化縣和美鎮鎮平里彰草路二段283巷1~50號,132.23,,鄉村區,乙種建築用地,10211,土地2建物1車位0,全,003,透天厝,見其他登記事項,鋼筋混凝土造,1020822,188.95,4,2,3,有,無,6200000,32813,,0.0,0
和美鎮,房地(土地+建物),彰化縣和美鎮鎮平里彰草路二段283巷1~50號,135.23,,鄉村區,乙種建築用地,10211,土地2建物1車位0,全,003,透天厝,見其他登記事項,鋼筋混凝土造,1020822,207.41,4,2,3,有,無,6445000,31074,,0.0,0
和美鎮,房地(土地+建物),彰化縣和美鎮鎮平里彰草路二段283巷1~50號,120.23,,鄉村區,乙種建築用地,10211,土地2建物1車位0,全,003,透天厝,見其他登記事項,鋼筋混凝土造,1020822,167.21,4,2,3,有,無,5500000,32893,,0.0,0
鹿港鎮,土地,郭厝段551~600地號,57.37,住,,,10211,土地1建物0車位0,,,其他,,,,0.0,0,0,0,有,無,2682047,46750,,0.0,0
鹿港鎮,房地(土地+建物)+車位,彰化縣鹿港鎮富麗一街1~50號,48.76,,特定農業區,甲種建築用地,10210,土地1建物1車位1,四層,008,華廈(10層含以下有電梯),見其他登記事項,鋼筋混凝土造,0880108,101.06,3,2,2,有,有,2250000,22264,其他,10.0,0
福興鄉,土地,福龍段1301~1350地號,454.21,,一般農業區,甲種建築用地,10210,土地2建物0車位0,,,其他,,,,0.0,0,0,0,有,無,1700000,3743,,0.0,0
鹿港鎮,房地(土地+建物)+車位,彰化縣鹿港鎮富麗二街1~50號,48.58,,特定農業區,甲種建築用地,10211,土地1建物1車位1,一層,008,華廈(10層含以下有電梯),住家用,鋼筋混凝土造,0880114,159.08,3,2,2,有,有,3160000,19864,坡道平面,0.0,0
鹿港鎮,土地,鹿崙段1551~1600地號,48.65,,一般農業區,甲種建築用地,10210,土地1建物0車位0,,,其他,,,,0.0,0,0,0,有,無,313457,6443,,0.0,0
福興鄉,房地(土地+建物),彰化縣福興鄉同安巷1~50號,99.19,,特定農業區,甲種建築用地,10211,土地2建物1車位0,全,003,透天厝,見其他登記事項,鋼筋混凝土造,1020916,149.06,4,2,3,有,無,4750000,31866,,0.0,0
大村鄉,土地,平和段901~950地號,768.0,,特定農業區,農牧用地,10211,土地1建物0車位0,,,其他,,,,0.0,0,0,0,有,無,1820000,2370,,0.0,0
大村鄉,土地,平和段901~950地號,806.9,,特定農業區,農牧用地,10211,土地1建物0車位0,,,其他,,,,0.0,0,0,0,有,無,1910000,2367,,0.0,0
永靖鄉,土地,五汴段1101~1150地號,1377.66,,特定農業區,農牧用地,10211,土地1建物0車位0,,,其他,,,,0.0,0,0,0,有,無,3976000,2886,,0.0,0
大村鄉,土地,鎮北段1051~1100地號,4.0,,特定農業區,農牧用地,10211,土地1建物0車位0,,,其他,,,,0.0,0,0,0,有,無,10000,2500,,0.0,0
員林鎮,房地(土地+建物),彰化縣員林鎮三和里合作街51~100號,83.0,住,,,10211,土地1建物1車位0,全,003,透天厝,住家用,鋼筋混凝土造,0730225,154.41,6,2,3,有,無,8500000,55048,,0.0,0
員林鎮,房地(土地+建物),彰化縣員林鎮忠孝里大同路一段51~100號,94.26,住,,,10211,土地1建物1車位0,全,004,透天厝,見其他登記事項,鋼筋混凝土造,1020826,258.54,5,2,4,有,無,19000000,73490,,0.0,0
員林鎮,房地(土地+建物),彰化縣員林鎮中山里光復街8巷1~50號,87.43,住,,,10211,土地2建物1車位0,全,004,透天厝,住家用,鋼筋混凝土造,0860220,155.71,4,3,3,有,無,7820000,50222,,0.0,0
大村鄉,房地(土地+建物),彰化縣大村鄉山腳路151~200號,245.82,,山坡地保育區,丙種建築用地,10210,土地3建物1車位0,全,003,透天厝,見其他登記事項,鋼筋混凝土造,0950215,150.6,4,2,3,有,無,5100000,33865,,0.0,0
社頭鄉,房地(土地+建物),彰化縣社頭鄉員集路三段149巷12弄1~50號,109.55,,鄉村區,乙種建築用地,10210,土地2建物1車位0,全,003,透天厝,住家用,鋼筋混凝土造,1020524,156.19,4,2,3,有,無,4800000,30732,,0.0,0
社頭鄉,土地,山腳段601~650地號,930.87,,鄉村區,乙種建築用地,10211,土地2建物0車位0,,,其他,,,,0.0,0,0,0,有,無,4780000,5135,,0.0,0
埤頭鄉,土地,周厝崙段651~700地號,2903.0,,特定農業區,農牧用地,10211,土地1建物0車位0,,,其他,,,,0.0,0,0,0,有,無,7315560,2520,,0.0,0
溪州鄉,房地(土地+建物),彰化縣溪州鄉公平街1~50號,109.32,住,,,10210,土地1建物1車位0,全,003,透天厝,住宅,鋼筋混凝土造,1020703,184.67,5,2,4,有,無,5900000,31949,,0.0,0
田尾鄉,土地,和平段1101~1150地號,2488.0,,特定農業區,農牧用地,10211,土地1建物0車位0,,,其他,,,,0.0,0,0,0,有,無,8708000,3500,,0.0,0
北斗鎮,土地,大新段751~800地號,587.62,,特定農業區,農牧用地,10210,土地4建物0車位0,,,其他,,,,0.0,0,0,0,有,無,3450000,5871,,0.0,0
溪州鄉,土地,舊眉段101~150地號,1399.12,,特定農業區,農牧用地,10211,土地1建物0車位0,,,其他,,,,0.0,0,0,0,有,無,2100000,1501,,0.0,0
溪州鄉,房地(土地+建物),彰化縣溪州鄉公平街1~50號,127.45,住,,,10210,土地1建物1車位0,全,003,透天厝,住宅,鋼筋混凝土造,1020703,184.67,5,2,4,有,無,6060000,32815,,0.0,0
溪州鄉,房地(土地+建物),彰化縣溪州鄉公平街1~50號,109.22,住,,,10210,土地1建物1車位0,全,003,透天厝,住宅,鋼筋混凝土造,1020703,184.67,5,2,4,有,無,5800000,31407,,0.0,0
二林鎮,土地,舊趙甲段201~250地號,201.0,,特定農業區,農牧用地,10211,土地1建物0車位0,,,其他,,,,0.0,0,0,0,有,無,240000,1194,,0.0,0
芳苑鄉,土地,芳仁段201~250地號,3720.0,,特定農業區,農牧用地,10211,土地2建物0車位0,,,其他,,,,0.0,0,0,0,有,無,3273600,880,,0.0,0
二林鎮,土地,大排沙段51~100地號,3495.0,,特定農業區,農牧用地,10211,土地1建物0車位0,,,其他,,,,0.0,0,0,0,有,無,4543500,1300,,0.0,0
埔鹽鄉,土地,大義段601~650地號,2424.0,,特定農業區,農牧用地,10211,土地2建物0車位0,,,其他,,,,0.0,0,0,0,有,無,7272000,3000,,0.0,0
埔鹽鄉,土地,大義段601~650地號,2424.0,,特定農業區,農牧用地,10211,土地2建物0車位0,,,其他,,,,0.0,0,0,0,有,無,7272000,3000,,0.0,0
埔鹽鄉,土地,東榮段1051~1100地號,1498.32,,特定農業區,農牧用地,10211,土地1建物0車位0,,,其他,,,,0.0,0,0,0,有,無,2220000,1482,,0.0,0
溪湖鎮,土地,三塊厝段751~800地號,2820.0,,特定農業區,農牧用地,10210,土地1建物0車位0,,,其他,,,,0.0,0,0,0,有,無,6500000,2305,,0.0,0
埔鹽鄉,土地,三省段1~50地號,190.0,,鄉村區,乙種建築用地,10211,土地1建物0車位0,,,其他,,,,0.0,0,0,0,有,無,2413950,12705,,0.0,0
埔鹽鄉,土地,三省段1~50地號,190.0,,鄉村區,乙種建築用地,10211,土地1建物0車位0,,,其他,,,,0.0,0,0,0,有,無,2413950,12705,,0.0,0
埔心鄉,房地(土地+建物),彰化縣埔心鄉仁安路25巷1~50號,123.25,住,,,10211,土地3建物1車位0,全,003,透天厝,見其他登記事項,鋼筋混凝土造,1020730,161.68,4,2,4,有,無,5800000,35873,,0.0,0
埔心鄉,土地,霖鳳段401~450地號,123.25,住,,,10211,土地3建物0車位0,,,其他,,,,0.0,0,0,0,有,無,3770000,30588,,0.0,0
埔心鄉,土地,霖鳳段301~350地號,2507.0,農,,,10211,土地1建物0車位0,,,其他,,,,0.0,0,0,0,有,無,9700000,3869,,0.0,0
彰化市,土地,竹巷段201~250地號,2184.23,,特定農業區,農牧用地,10211,土地3建物0車位0,,,其他,,,,0.0,0,0,0,有,無,14625000,6696,,0.0,0
彰化市,土地,竹巷段201~250地號,1826.66,,特定農業區,農牧用地,10211,土地2建物0車位0,,,其他,,,,0.0,0,0,0,有,無,12220000,6690,,0.0,0
芬園鄉,土地,嘉興段2051~2100地號,200.0,,特定農業區,農牧用地,10211,土地1建物0車位0,,,其他,,,,0.0,0,0,0,有,無,868000,4340,,0.0,0
芬園鄉,土地,新舊社段751~800地號,224.87,,特定農業區,農牧用地,10211,土地1建物0車位0,,,其他,,,,0.0,0,0,0,有,無,427247,1900,,0.0,0
彰化市,土地,阿夷段柴坑子小段1001~1050地號,1448.0,,特定農業區,農牧用地,10211,土地1建物0車位0,,,其他,,,,0.0,0,0,0,有,無,15000000,10359,,0.0,0
員林鎮,土地,三義段351~400地號,89.14,商,,,10211,土地2建物0車位0,,,其他,,,,0.0,0,0,0,有,無,3370000,37806,,0.0,0
大村鄉,土地,福興段1501~1550地號,81.35,,一般農業區,農牧用地,10211,土地1建物0車位0,,,其他,,,,0.0,0,0,0,有,無,1107000,13608,,0.0,0
社頭鄉,房地(土地+建物),彰化縣社頭鄉山腳路四段100巷94弄1~50號,98.06,,鄉村區,乙種建築用地,10209,土地2建物1車位0,全,003,透天厝,住家用,鋼筋混凝土造,0791018,156.91,3,2,3,有,無,3600000,22943,,0.0,0
溪州鄉,房地(土地+建物),彰化縣溪州鄉光明一街1~50號,155.45,住,,,10210,土地1建物1車位0,全,003,透天厝,住宅,鋼筋混凝土造,1020703,190.81,5,2,4,有,無,6360000,33332,,0.0,0
二林鎮,房地(土地+建物),彰化縣二林鎮後厝里18鄰至善街12巷1~50號,128.88,住,,,10211,土地2建物1車位0,全,003,透天厝,住家用,鋼筋混凝土造,1000616,162.96,3,3,3,有,無,5600000,34364,,0.0,0
北斗鎮,土地,光復段1701~1750地號,4.52,其他,,,10211,土地5建物0車位0,,,其他,,,,0.0,0,0,0,有,無,150000,33186,,0.0,0
溪湖鎮,土地,大竹段651~700地號,33.94,住,,,10210,土地3建物0車位0,,,其他,,,,0.0,0,0,0,有,無,600718,17699,,0.0,0
埔鹽鄉,土地,光明段501~550地號,3150.0,,特定農業區,農牧用地,10211,土地2建物0車位0,,,其他,,,,0.0,0,0,0,有,無,8820000,2800,,0.0,0
埔心鄉,房地(土地+建物),彰化縣埔心鄉太平路75巷1~50號,116.21,,鄉村區,乙種建築用地,10211,土地2建物1車位0,全,003,透天厝,見其他登記事項,鋼筋混凝土造,1020606,181.5,4,2,3,有,無,7800000,42975,,0.0,0
埔鹽鄉,土地,光明段1401~1450地號,3.0,商,,,10211,土地1建物0車位0,,,其他,,,,0.0,0,0,0,有,無,121126,40375,,0.0,0
埔心鄉,土地,羅厝段1251~1300地號,2843.07,,特定農業區,農牧用地,10211,土地2建物0車位0,,,其他,,,,0.0,0,0,0,有,無,6400000,2251,,0.0,0
北斗鎮,土地,七星段501~550地號,6482.48,,特定農業區,農牧用地,10211,土地1建物0車位0,,,其他,,,,0.0,0,0,0,有,無,16500000,2545,,0.0,0
員林鎮,土地,新中州段51~100地號,30.05,工,,,10211,土地1建物0車位0,,,其他,,,,0.0,0,0,0,有,無,227250,7562,,0.0,0
員林鎮,土地,惠農段801~850地號,59.89,住,,,10210,土地1建物0車位0,,,其他,,,,0.0,0,0,0,有,無,4897367,81773,,0.0,0
埔鹽鄉,土地,光明段451~500地號,883.0,,特定農業區,農牧用地,10211,土地1建物0車位0,,,其他,,,,0.0,0,0,0,有,無,3000000,3398,,0.0,0
彰化市,土地,南郭段南郭小段251~300地號,29.0,住,,,10210,土地1建物0車位0,,,其他,,,,0.0,0,0,0,有,無,2949152,101695,,0.0,0
彰化市,土地,南郭段南郭小段251~300地號,148.0,住,,,10210,土地1建物0車位0,,,其他,,,,0.0,0,0,0,有,無,15050848,101695,,0.0,0
秀水鄉,土地,復興段51~100地號,145.0,,特定農業區,農牧用地,10211,土地1建物0車位0,,,其他,,,,0.0,0,0,0,有,無,527800,3640,,0.0,0
彰化市,土地,西勢子段西勢子小段51~100地號,5.0,住,,,10210,土地1建物0車位0,,,其他,,,,0.0,0,0,0,有,無,250700,50140,,0.0,0
和美鎮,房地(土地+建物),彰化縣和美鎮倡和街1~50號,57.0,商,,,10211,土地3建物1車位0,一層，二層，三層，四層，騎樓,004,店面(店鋪),住商用,鋼筋混凝土造,0770513,201.9,3,2,4,有,無,7100000,35166,,0.0,0
和美鎮,房地(土地+建物),彰化縣和美鎮和西里和樂路1~50號,98.0,商,,,10108,土地1建物1車位0,一層，二層，三層，四層，騎樓,004,店面(店鋪),見其他登記事項,鋼筋混凝土造,1020702,315.16,5,3,5,有,無,14000000,44422,,0.0,0
和美鎮,房地(土地+建物),彰化縣和美鎮和西里和樂路1~50號,83.0,住,,,10105,土地1建物1車位0,全,004,透天厝,見其他登記事項,鋼筋混凝土造,1020702,212.61,4,3,2,有,無,10500000,49386,,0.0,0
和美鎮,房地(土地+建物),彰化縣和美鎮和西里和樂路1~50號,111.0,商,,,10206,土地2建物1車位0,一層，二層，三層，四層，騎樓,004,店面(店鋪),見其他登記事項,鋼筋混凝土造,1020702,368.52,4,4,6,有,無,15700000,42603,,0.0,0
彰化市,房地(土地+建物),彰化縣彰化巿裕民街51~100號,74.0,住,,,10211,土地1建物1車位0,全,002,透天厝,住商用,鋼筋混凝土加強磚造,0640517,110.6,4,2,2,有,無,6020000,54430,,0.0,0
芳苑鄉,土地,漢寶園段801~850地號,2604.0,,一般農業區,農牧用地,10211,土地1建物0車位0,,,其他,,,,0.0,0,0,0,有,無,3100000,1190,,0.0,0
二林鎮,土地,舊趙甲段51~100地號,1010.0,,特定農業區,農牧用地,10211,土地1建物0車位0,,,其他,,,,0.0,0,0,0,有,無,1000000,990,,0.0,0
二林鎮,土地,塗子崙段詹厝子小段101~150地號,6572.75,,特定農業區,農牧用地,10210,土地5建物0車位0,,,其他,,,,0.0,0,0,0,有,無,9859125,1500,,0.0,0
芳苑鄉,房地(土地+建物),彰化縣芳苑鄉復興路1~50號,238.7,,一般農業區,農牧用地,10211,土地1建物1車位0,一層,001,農舍,農舍,加強磚造,0801008,12.16,0,0,0,無,無,600000,,,0.0,0
二林鎮,房地(土地+建物),彰化縣二林鎮安樂街1~50號,85.43,住,,,10211,土地1建物1車位0,全,003,透天厝,住家用,鋼筋混凝土造,0811013,167.52,4,2,3,有,無,3560000,21251,,0.0,0
芳苑鄉,土地,漢寶園段1~50地號,626.0,,,,10211,土地1建物0車位0,,,其他,,,,0.0,0,0,0,有,無,1500000,2396,,0.0,0
北斗鎮,土地,中華段401~450地號,2.0,農,,,10211,土地1建物0車位0,,,其他,,,,0.0,0,0,0,有,無,15000,7500,,0.0,0
溪州鄉,房地(土地+建物),彰化縣溪州鄉公所路1~50號,78.15,住,,,10211,土地1建物1車位0,全,004,透天厝,見其他登記事項,鋼筋混凝土造,0950606,190.38,3,2,2,有,無,4300000,22586,,0.0,0
埤頭鄉,土地,埤頭段1001~1050地號,722.0,,一般農業區,甲種建築用地,10210,土地1建物0車位0,,,其他,,,,0.0,0,0,0,有,無,5670000,7853,,0.0,0
埤頭鄉,土地,周厝崙段601~650地號,2702.0,,特定農業區,農牧用地,10211,土地1建物0車位0,,,其他,,,,0.0,0,0,0,有,無,5000000,1850,,0.0,0
田尾鄉,土地,芳圃段351~400地號,747.43,農,,,10210,土地1建物0車位0,,,其他,,,,0.0,0,0,0,有,無,3855000,5158,,0.0,0
埤頭鄉,土地,平原段301~350地號,633.13,住,,,10211,土地5建物0車位0,,,其他,,,,0.0,0,0,0,有,無,15430000,24371,,0.0,0
埤頭鄉,土地,芙朝段51~100地號,1806.91,,特定農業區,農牧用地,10211,土地1建物0車位0,,,其他,,,,0.0,0,0,0,有,無,2168280,1200,,0.0,0
田中鎮,土地,中德段901~950地號,19.64,住,,,10210,土地1建物0車位0,,,其他,,,,0.0,0,0,0,有,無,417350,21250,,0.0,0
田中鎮,房地(土地+建物),彰化縣田中鎮中潭里員集路三段50巷1~50號,131.56,農,,,10209,土地3建物1車位0,全,003,透天厝,住家用,鋼筋混凝土造,1020808,155.37,4,3,3,有,無,5480000,35271,,0.0,0
田中鎮,房地(土地+建物),彰化縣田中鎮中潭里員集路三段50巷1~50號,105.56,農,,,10209,土地3建物1車位0,全,003,透天厝,住家用,鋼筋混凝土造,1020808,146.14,4,3,3,有,無,5400000,36951,,0.0,0
田中鎮,房地(土地+建物),彰化縣田中鎮中潭里員集路三段50巷1~50號,115.56,農,,,10209,土地3建物1車位0,全,003,透天厝,住家用,鋼筋混凝土造,1020808,170.28,4,3,3,有,無,5600000,32887,,0.0,0
田中鎮,房地(土地+建物),彰化縣田中鎮中潭里員集路三段50巷1~50號,110.56,農,,,10209,土地3建物1車位0,全,003,透天厝,住家用,鋼筋混凝土造,1020808,169.83,4,3,3,有,無,5380000,31679,,0.0,0
田中鎮,房地(土地+建物),彰化縣田中鎮中潭里員集路三段51~100號,105.29,農,,,10209,土地3建物1車位0,全,004,透天厝,住家用,鋼筋混凝土造,1020808,205.26,4,3,3,有,無,9000000,43847,,0.0,0
田中鎮,房地(土地+建物),彰化縣田中鎮中潭里員集路三段51~100號,108.29,農,,,10209,土地3建物1車位0,全,004,透天厝,住家用,鋼筋混凝土造,1020808,205.26,4,3,3,有,無,9500000,46283,,0.0,0
田中鎮,房地(土地+建物),彰化縣田中鎮中潭里員集路三段51~100號,128.29,農,,,10211,土地3建物1車位0,全,004,透天厝,住家用,鋼筋混凝土造,1020808,223.3,4,3,3,有,無,10800000,48365,,0.0,0
二水鄉,土地,新過圳段751~800地號,2243.59,,特定農業區,農牧用地,10209,土地1建物0車位0,,,其他,,,,0.0,0,0,0,有,無,2916671,1300,,0.0,0
二水鄉,土地,新過圳段751~800地號,4965.58,,特定農業區,農牧用地,10209,土地1建物0車位0,,,其他,,,,0.0,0,0,0,有,無,6455256,1300,,0.0,0
大村鄉,房地(土地+建物),彰化縣大村鄉山腳路51~100號,130.5,,一般農業區,甲種建築用地,10210,土地1建物1車位0,全,004,透天厝,住家用,鋼筋混凝土造,0831012,211.56,4,1,3,有,無,5900000,27888,,0.0,0
員林鎮,土地,員林段1~50地號,60.0,住,,,10211,土地1建物0車位0,,,其他,,,,0.0,0,0,0,有,無,1600000,26667,,0.0,0
員林鎮,房地(土地+建物),彰化縣員林鎮莒光路756巷1~50號,97.7,住,,,10211,土地1建物1車位0,全,002,透天厝,住家用,加強磚造,0790425,104.42,3,2,2,有,無,2109900,20206,,0.0,0
員林鎮,房地(土地+建物),彰化縣員林鎮中正路151~200號,81.0,住,,,10211,土地1建物1車位0,全,004,透天厝,住商用,鋼筋混凝土造,0700903,219.96,0,0,0,無,無,16500000,75014,,0.0,0
永靖鄉,土地,竹子段201~250地號,2111.1,,特定農業區,農牧用地,10211,土地1建物0車位0,,,其他,,,,0.0,0,0,0,有,無,3000000,1421,,0.0,0
員林鎮,房地(土地+建物),彰化縣員林鎮光明街123巷101~150號,101.0,商,,,10211,土地1建物1車位0,全,001,透天厝,住家用,磚造,0560210,56.01,3,1,1,有,無,3400000,60703,,0.0,0
福興鄉,土地,元興段501~550地號,2316.0,,特定農業區,農牧用地,10207,土地1建物0車位0,,,其他,,,,0.0,0,0,0,有,無,5442600,2350,,0.0,0
福興鄉,房地(土地+建物),彰化縣福興鄉橋頭村中正路148巷1~50號,13.11,住,,,10210,土地1建物1車位0,二層,013,華廈(10層含以下有電梯),見其他登記事項,鋼筋混凝土造,0881014,82.11,3,1,2,有,有,2550000,31056,,0.0,0
鹿港鎮,土地,鹽埕段1001~1050地號,5000.01,,一般農業區,養殖用地,10211,土地2建物0車位0,,,其他,,,,0.0,0,0,0,有,無,18150000,3630,,0.0,0
和美鎮,建物,彰化縣和美鎮愛鄉路51~100號,0.0,,,,10211,土地0建物1車位0,全,003,透天厝,住家用,鋼筋混凝土造,1000601,148.21,4,3,3,有,無,1800000,12145,,0.0,0
和美鎮,房地(土地+建物),彰化縣和美鎮和光路209巷1~50號,239.0,住,,,10211,土地2建物1車位0,全,001,透天厝,住家用,加強磚造,0640529,77.32,2,1,1,有,無,7230000,93508,,0.0,0
福興鄉,土地,外中段651~700地號,10.0,,鄉村區,乙種建築用地,10211,土地1建物0車位0,,,其他,,,,0.0,0,0,0,有,無,113000,11300,,0.0,0
鹿港鎮,土地,頂和段201~250地號,314.0,,鄉村區,乙種建築用地,10210,土地1建物0車位0,,,其他,,,,0.0,0,0,0,有,無,5225000,16640,,0.0,0
和美鎮,土地,大雅段901~950地號,1098.0,,特定農業區,農牧用地,10210,土地1建物0車位0,,,其他,,,,0.0,0,0,0,有,無,3843000,3500,,0.0,0
和美鎮,土地,仁和段451~500地號,28.43,住,,,10211,土地2建物0車位0,,,其他,,,,0.0,0,0,0,有,無,1221210,42955,,0.0,0
和美鎮,土地,福澤段251~300地號,143.21,,特定農業區,甲種建築用地,10211,土地1建物0車位0,,,其他,,,,0.0,0,0,0,有,無,866000,6047,,0.0,0
和美鎮,土地,湖潭段1301~1350地號,1217.47,,特定農業區,農牧用地,10211,土地1建物0車位0,,,其他,,,,0.0,0,0,0,有,無,8600000,7064,,0.0,0
秀水鄉,土地,曾厝段251~300地號,1145.66,,鄉村區,乙種建築用地,10211,土地3建物0車位0,,,其他,,,,0.0,0,0,0,有,無,8316200,7259,,0.0,0
和美鎮,房地(土地+建物),彰化縣和美鎮鐵山里嘉鐵路184巷1~50號,76.0,,特定農業區,甲種建築用地,10211,土地1建物1車位0,全,002,透天厝,住家用,鋼筋混凝土加強磚造,0681220,107.2,5,2,3,有,無,2250000,20989,,0.0,0
和美鎮,房地(土地+建物),彰化縣和美鎮糖東一街101~150號,68.0,,特定農業區,甲種建築用地,10211,土地1建物1車位0,全,003,透天厝,見其他登記事項,鋼筋混凝土造,1000613,169.58,4,2,3,有,無,9000000,53072,,0.0,0
彰化市,房地(土地+建物),彰化縣彰化巿長壽街1~50號,66.0,住,,,10211,土地1建物1車位0,全,003,透天厝,住家用,鋼筋混凝土加強磚造,0590630,136.8,3,2,3,有,無,14000000,102339,,0.0,0
彰化市,房地(土地+建物),彰化縣彰化巿建和街101~150號,25.86,住,,,10211,土地2建物1車位0,五層,005,公寓(5樓含以下無電梯),住家用,鋼筋混凝土造,0701015,86.24,3,2,1,有,無,2000000,23191,,0.0,0
彰化市,土地,香山段401~450地號,3433.75,,特定農業區,農牧用地,10210,土地1建物0車位0,,,其他,,,,0.0,0,0,0,有,無,54200000,15784,,0.0,0
彰化市,房地(土地+建物),彰化縣彰化巿四維路89巷51~100號,17.38,住,,,10211,土地1建物1車位0,七層,008,華廈(10層含以下有電梯),住家用,鋼筋混凝土造,0840711,113.9,3,1,2,有,有,2500000,21949,,0.0,0
彰化市,車位,彰化縣彰化巿民族路201~250號,0.0,,,,10211,土地0建物0車位1,地下層,011,其他,見其他登記事項,鋼筋混凝土造,0790626,6.99,0,0,0,有,有,430000,,坡道機械,6.99,430000
秀水鄉,土地,馬興段701~750地號,89.0,,鄉村區,乙種建築用地,10211,土地1建物0車位0,,,其他,,,,0.0,0,0,0,有,無,431000,4843,,0.0,0
彰化市,土地,安溪段1~50地號,3666.12,,山坡地保育區,林業用地,10210,土地2建物0車位0,,,其他,,,,0.0,0,0,0,有,無,5000000,1364,,0.0,0
彰化市,土地,安溪段1~50地號,3666.13,,山坡地保育區,林業用地,10210,土地2建物0車位0,,,其他,,,,0.0,0,0,0,有,無,4800000,1309,,0.0,0
彰化市,房地(土地+建物),彰化縣彰化巿民族路201~250號,86.52,住,,,10210,土地1建物1車位0,五層,011,辦公商業大樓,見其他登記事項,鋼筋混凝土造,0790626,498.42,0,0,0,無,有,10000000,20063,,0.0,0
彰化市,房地(土地+建物),彰化縣彰化巿延平里埔市街51~100號,111.78,住,,,10211,土地3建物1車位0,全,004,透天厝,見其他登記事項,鋼筋混凝土造,0930512,285.78,5,2,6,有,有,15200000,53188,,0.0,0
彰化市,房地(土地+建物),彰化縣彰化巿中華路1~50號,47.0,商,,,10211,土地1建物1車位0,全,002,透天厝,住商用,鋼筋混凝土加強磚造,0491122,90.8,4,2,2,有,無,6700000,73789,,0.0,0
彰化市,房地(土地+建物),彰化縣彰化巿進德路2巷101~150號,108.0,住,,,10211,土地2建物1車位0,全,003,透天厝,住家用,鋼筋混凝土造,0711224,146.4,8,2,4,有,無,9300000,63525,,0.0,0
芬園鄉,土地,新舊社段1151~1200地號,4102.01,,山坡地保育區,農牧用地,10210,土地4建物0車位0,,,其他,,,,0.0,0,0,0,有,無,13536000,3300,,0.0,0
芬園鄉,房地(土地+建物),彰化縣芬園鄉彰南路一段299巷71弄1~50號,115.15,,鄉村區,乙種建築用地,10211,土地5建物1車位0,一層，二層，三層,003,公寓(5樓含以下無電梯),住家用,鋼筋混凝土造,0830705,151.88,3,2,2,有,無,3360000,22123,,0.0,0
芬園鄉,土地,同安寮段51~100地號,519.91,,山坡地保育區,農牧用地,10211,土地1建物0車位0,,,其他,,,,0.0,0,0,0,有,無,311400,599,,0.0,0
芬園鄉,土地,新芬園段1001~1050地號,691.62,,山坡地保育區,農牧用地,10211,土地2建物0車位0,,,其他,,,,0.0,0,0,0,有,無,414600,599,,0.0,0
彰化市,房地(土地+建物),彰化縣彰化巿下?悄蔚堸磪,73.0,住,,,10211,土地1建物1車位0,一層，二層，三層，四層，騎樓,004,店面(店鋪),見其他登記事項,鋼筋混凝土造,0991222,204.27,5,3,5,有,無,13100000,64131,,0.0,0
彰化市,房地(土地+建物)+車位,彰化縣彰化巿金馬路三段646巷51~100號,25.85,住,,,10210,土地1建物1車位1,三層,010,華廈(10層含以下有電梯),住家用,鋼筋混凝土造,0820927,134.7,3,2,2,有,有,4480000,33259,其他,0.0,0
彰化市,房地(土地+建物),彰化縣彰化巿彰益街101~150號,93.2,住,,,10212,土地1建物1車位0,全,003,透天厝,住商用,鋼筋混凝土造,0701103,136.05,4,2,4,有,無,7150000,52554,,0.0,0
彰化市,房地(土地+建物)+車位,彰化縣彰化巿中山路一段119巷22弄1~50號,19.0,住,,,10211,土地2建物1車位1,二層,007,華廈(10層含以下有電梯),住家用,鋼筋混凝土造,0820121,140.76,3,2,2,有,有,3360000,23870,坡道平面,0.0,0
彰化市,房地(土地+建物),彰化縣彰化巿大智路4巷1~50號,22.95,住,,,10211,土地1建物1車位0,三層,005,公寓(5樓含以下無電梯),住家用,鋼筋混凝土造,0710709,71.24,3,2,2,有,無,1730000,24284,,0.0,0
彰化市,房地(土地+建物),彰化縣彰化巿埔陽街53巷1~50號,18.8,住,,,10211,土地1建物1車位0,一層，騎樓,008,華廈(10層含以下有電梯),住商用,鋼筋混凝土造,0880813,106.61000000000001,3,2,2,有,有,4500000,42210,,0.0,0
彰化市,房地(土地+建物),彰化縣彰化巿中正路一段259巷1~50號,12.43,商,,,10211,土地2建物1車位0,三層,009,華廈(10層含以下有電梯),住家用,鋼筋混凝土造,0730914,53.39,2,1,1,有,有,2100000,39333,,0.0,0
芬園鄉,土地,嘉北段751~800地號,2003.0,,特定農業區,農牧用地,10207,土地1建物0車位0,,,其他,,,,0.0,0,0,0,有,無,16272000,8124,,0.0,0
鹿港鎮,土地,東昇段1601~1650地號,135.0,,鄉村區,乙種建築用地,10211,土地3建物0車位0,,,其他,,,,0.0,0,0,0,有,無,600000,4444,,0.0,0
員林鎮,土地,新中州段1001~1050地號,306.01,,山坡地保育區,農牧用地,10211,土地1建物0車位0,,,其他,,,,0.0,0,0,0,有,無,215000,703,,0.0,0
永靖鄉,房地(土地+建物),彰化縣永靖鄉東寧村永興路二段151~200號,90.0,,鄉村區,乙種建築用地,10211,土地1建物1車位0,全,004,透天厝,見其他登記事項,鋼筋混凝土造,0850209,273.79,5,2,3,有,無,5050000,18445,,0.0,0
員林鎮,土地,靜修段1201~1250地號,2.02,住,,,10211,土地1建物0車位0,,,其他,,,,0.0,0,0,0,有,無,65000,32178,,0.0,0
永靖鄉,土地,永發段51~100地號,59.32,農,,,10210,土地1建物0車位0,,,其他,,,,0.0,0,0,0,有,無,186000,3136,,0.0,0
員林鎮,房地(土地+建物),彰化縣員林鎮南興里南潭路223巷1~50號,107.62,,特定農業區,甲種建築用地,10211,土地1建物1車位0,全,003,透天厝,住家用,鋼筋混凝土造,0891121,140.49,4,2,3,有,無,4900000,34878,,0.0,0
員林鎮,土地,東北段901~950地號,209.78,,特定農業區,農牧用地,10211,土地1建物0車位0,,,其他,,,,0.0,0,0,0,有,無,1800000,8580,,0.0,0
員林鎮,房地(土地+建物),彰化縣員林鎮林森路215巷1~50號,22.77,商,,,10211,土地1建物1車位0,九層,016,住宅大樓(11層含以上有電梯),見其他登記事項,鋼筋混凝土造,0840821,172.23,4,2,2,有,有,4080000,23689,,0.0,0
員林鎮,建物,彰化縣員林鎮惠明街51~100號,0.0,,,,10211,土地0建物1車位0,地下層,009,其他,見其他登記事項,鋼筋混凝土造,0840116,1497.99,0,0,0,無,有,200000,134,,0.0,0
員林鎮,房地(土地+建物),彰化縣員林鎮惠明街75巷1~50號,22.79,住,,,10211,土地1建物1車位0,四層,009,華廈(10層含以下有電梯),住家用,鋼筋混凝土造,0840116,94.2,3,2,2,有,有,3000000,31847,,0.0,0
員林鎮,土地,中山段101~150地號,5022.24,住,,,10210,土地8建物0車位0,,,其他,,,,0.0,0,0,0,有,無,281628000,56076,,0.0,0
大村鄉,房地(土地+建物),彰化縣大村鄉山腳路51~100號,66.93,,鄉村區,乙種建築用地,10211,土地3建物1車位0,全,003,透天厝,住家用,鋼筋混凝土造,0960725,145.71,7,0,7,有,無,4500000,30883,,0.0,0
田中鎮,房地(土地+建物),彰化縣田中鎮山腳路四段10巷99弄1~50號,73.28,,鄉村區,乙種建築用地,10211,土地2建物1車位0,全,003,透天厝,見其他登記事項,鋼筋混凝土造,0850710,192.58,4,2,3,有,無,3600000,18694,,0.0,0
社頭鄉,房地(土地+建物),彰化縣社頭鄉山腳路三段584巷2弄1~50號,91.29,,鄉村區,乙種建築用地,10211,土地0建物1車位0,全,003,透天厝,見其他登記事項,鋼筋混凝土造,0831111,196.09,4,2,3,有,無,3300000,16829,,0.0,0
二水鄉,土地,新過圳段251~300地號,169.59,,山坡地保育區,農牧用地,10211,土地1建物0車位0,,,其他,,,,0.0,0,0,0,有,無,150000,884,,0.0,0
二水鄉,土地,新過圳段251~300地號,282.65,,山坡地保育區,農牧用地,10211,土地1建物0車位0,,,其他,,,,0.0,0,0,0,有,無,250000,884,,0.0,0
北斗鎮,房地(土地+建物),彰化縣北斗鎮光復路420之6巷22弄1~50號,129.17,住,,,10211,土地2建物1車位0,全,003,透天厝,住宅,鋼筋混凝土造,1020904,131.12,4,2,3,有,無,6200000,47285,,0.0,0
北斗鎮,房地(土地+建物),彰化縣北斗鎮光復路420之6巷22弄1~50號,130.17,住,,,10211,土地2建物1車位0,全,003,透天厝,住宅,鋼筋混凝土造,1020904,131.12,4,2,3,有,無,6200000,47285,,0.0,0
溪州鄉,土地,信義段701~750地號,914.0,,特定農業區,農牧用地,10211,土地2建物0車位0,,,其他,,,,0.0,0,0,0,有,無,1200000,1313,,0.0,0
芳苑鄉,房地(土地+建物),彰化縣芳苑鄉安家新?s2街1~50號,83.42,,一般農業區,甲種建築用地,10210,土地2建物1車位0,全,003,透天厝,住家用,鋼筋混凝土造,0920507,140.85,3,2,3,有,無,1120000,7952,,0.0,0
芳苑鄉,房地(土地+建物),彰化縣芳苑鄉安家新?s2街1~50號,83.42,,一般農業區,甲種建築用地,10211,土地2建物1車位0,全,003,透天厝,住家用,鋼筋混凝土造,0920507,140.85,3,2,3,有,無,1140000,8094,,0.0,0
溪州鄉,房地(土地+建物),彰化縣溪州鄉中央路二段201~250號,104.0,,鄉村區,乙種建築用地,10210,土地1建物1車位0,全,002,透天厝,住宅,鋼筋混凝土造,0790911,133.3,0,0,0,無,無,4060000,30458,,0.0,0
芳苑鄉,房地(土地+建物),彰化縣芳苑鄉工區四路1~50號,3546.0,,工業區,丁種建築用地,10210,土地2建物2車位0,一層，二層，三層，四層,004,工廠,見其他登記事項,鋼筋混凝土造,0830202,2394.48,0,0,0,無,無,50750000,,,0.0,0
埔心鄉,土地,梧鳳段1001~1050地號,572.92,,特定農業區,農牧用地,10211,土地1建物0車位0,,,其他,,,,0.0,0,0,0,有,無,1500000,2618,,0.0,0
溪湖鎮,土地,北勢段1301~1350地號,99.01,住,,,10211,土地1建物0車位0,,,其他,,,,0.0,0,0,0,有,無,2800000,28280,,0.0,0
和美鎮,土地,仁愛段651~700地號,49.0,住,,,10211,土地1建物0車位0,,,其他,,,,0.0,0,0,0,有,無,1795850,36650,,0.0,0
溪湖鎮,土地,庭忠段451~500地號,754.33,,特定農業區,農牧用地,10211,土地1建物0車位0,,,其他,,,,0.0,0,0,0,有,無,1400000,1856,,0.0,0
社頭鄉,土地,社石段51~100地號,2351.3,,特定農業區,農牧用地,10211,土地1建物0車位0,,,其他,,,,0.0,0,0,0,有,無,4160000,1769,,0.0,0
大城鄉,土地,尤仕段301~350地號,3611.0,,一般農業區,農牧用地,10211,土地2建物0車位0,,,其他,,,,0.0,0,0,0,有,無,3611000,1000,,0.0,0
竹塘鄉,土地,廣福段1~50地號,124.47,,鄉村區,乙種建築用地,10212,土地5建物0車位0,,,其他,,,,0.0,0,0,0,有,無,200000,1607,,0.0,0
埔心鄉,土地,瓦窯南段901~950地號,25.12,,特定農業區,甲種建築用地,10211,土地1建物0車位0,,,其他,,,,0.0,0,0,0,有,無,150000,5971,,0.0,0
埔鹽鄉,土地,永昌段251~300地號,196.33,住,,,10211,土地2建物0車位0,,,其他,,,,0.0,0,0,0,有,無,2714900,13828,,0.0,0
和美鎮,房地(土地+建物),彰化縣和美鎮西園路150巷18弄1~50號,388.57,工,,,10210,土地2建物1車位0,一層，二層，三層,003,廠辦,見其他登記事項,鋼筋混凝土造,0850506,360.65,5,3,4,有,無,14600000,40482,,0.0,0
員林鎮,房地(土地+建物),彰化縣員林鎮員水路一段188巷1~50號,91.67,住,,,10211,土地2建物1車位0,全,003,透天厝,見其他登記事項,鋼筋混凝土造,0850425,140.26,4,2,3,有,無,5000000,35648,,0.0,0
和美鎮,房地(土地+建物),彰化縣和美鎮愛聞路16巷1~50號,88.0,住,,,10211,土地2建物1車位0,全,004,透天厝,住家用,鋼筋混凝土造,0940607,175.85,3,2,3,有,無,7200000,40944,,0.0,0
埔心鄉,土地,瓦窯中段751~800地號,389.32,,特定農業區,農牧用地,10211,土地1建物0車位0,,,其他,,,,0.0,0,0,0,有,無,5000000,12843,,0.0,0
埔心鄉,土地,瓦窯中段751~800地號,389.32,,特定農業區,農牧用地,10211,土地1建物0車位0,,,其他,,,,0.0,0,0,0,有,無,5000000,12843,,0.0,0
埔心鄉,房地(土地+建物),彰化縣埔心鄉仁安路1~50號,113.0,住,,,10211,土地2建物1車位0,全,003,透天厝,見其他登記事項,鋼筋混凝土造,1020730,147.41,4,2,4,有,無,6500000,44095,,0.0,0
溪湖鎮,土地,中山段201~250地號,1478.0,,特定農業區,農牧用地,10211,土地1建物0車位0,,,其他,,,,0.0,0,0,0,有,無,4581800,3100,,0.0,0
埔鹽鄉,土地,永昌段1201~1250地號,2429.0,,特定農業區,農牧用地,10211,土地1建物0車位0,,,其他,,,,0.0,0,0,0,有,無,7287000,3000,,0.0,0
溪湖鎮,土地,西安段351~400地號,2169.0,,特定農業區,農牧用地,10211,土地1建物0車位0,,,其他,,,,0.0,0,0,0,有,無,4338000,2000,,0.0,0
溪湖鎮,土地,大溪段801~850地號,107.0,住,,,10210,土地3建物0車位0,,,其他,,,,0.0,0,0,0,有,無,1500000,14019,,0.0,0
溪湖鎮,土地,大溪段801~850地號,214.5,住,,,10211,土地7建物0車位0,,,其他,,,,0.0,0,0,0,有,無,1738000,8103,,0.0,0
溪湖鎮,土地,湖西段451~500地號,124.55,住,,,10210,土地1建物0車位0,,,其他,,,,0.0,0,0,0,有,無,1900000,15255,,0.0,0
二林鎮,土地,外蘆竹塘段1~50地號,2335.0,,特定農業區,農牧用地,10211,土地1建物0車位0,,,其他,,,,0.0,0,0,0,有,無,2500000,1071,,0.0,0
溪湖鎮,土地,弘農段351~400地號,24.0,住,,,10210,土地1建物0車位0,,,其他,,,,0.0,0,0,0,有,無,363000,15125,,0.0,0
埔心鄉,建物,彰化縣埔心鄉中山路153巷4弄1~50號,0.0,,,,10211,土地0建物1車位0,全,004,透天厝,見其他登記事項,鋼筋混凝土造,0860830,139.47,4,2,3,有,無,4200000,30114,,0.0,0
二林鎮,房地(土地+建物),彰化縣二林鎮二溪路七段51~100號,98.0,,鄉村區,乙種建築用地,10211,土地1建物1車位0,全,002,透天厝,住家用,加強磚造,0820521,138.11,5,2,2,有,無,4600000,33307,,0.0,0
田尾鄉,土地,福德段1151~1200地號,16.12,,鄉村區,乙種建築用地,10212,土地1建物0車位0,,,其他,,,,0.0,0,0,0,有,無,97556,6052,,0.0,0
田中鎮,房地(土地+建物),彰化縣田中鎮中潭里員集路三段50巷1~50號,127.56,農,,,10209,土地4建物1車位0,全,003,透天厝,住家用,鋼筋混凝土造,1020808,149.89,4,3,3,有,無,5500000,36694,,0.0,0
二水鄉,土地,新過圳段851~900地號,713.63,,山坡地保育區,農牧用地,10211,土地1建物0車位0,,,其他,,,,0.0,0,0,0,有,無,1300000,1822,,0.0,0
社頭鄉,房地(土地+建物),彰化縣社頭鄉仁愛三路151~200號,92.86,住,,,10211,土地2建物1車位0,全,003,透天厝,住家用,鋼筋混凝土造,1020627,195.33,5,3,4,有,無,7000000,35837,,0.0,0
社頭鄉,房地(土地+建物),彰化縣田中鎮育英街45巷1~50號,85.21,住,,,10211,土地1建物1車位0,全,002,透天厝,住家用,鋼筋混凝土造,0800211,108.78,6,3,3,有,無,5000000,45964,,0.0,0
田中鎮,房地(土地+建物),彰化縣田中鎮建國路210巷9弄1~50號,105.32,住,,,10210,土地3建物1車位0,全,004,透天厝,住家用,鋼筋混凝土造,0951201,179.84,4,1,1,有,無,5500000,30583,,0.0,0
員林鎮,土地,新生段101~150地號,56.52,商,,,10209,土地1建物0車位0,,,其他,,,,0.0,0,0,0,有,無,5500000,97311,,0.0,0
員林鎮,土地,三和段951~1000地號,99.18,住,,,10211,土地1建物0車位0,,,其他,,,,0.0,0,0,0,有,無,6900000,69570,,0.0,0
大村鄉,土地,南勢段101~150地號,4049.62,農,,,10208,土地2建物0車位0,,,其他,,,,0.0,0,0,0,有,無,19210000,4744,,0.0,0
大村鄉,土地,南勢段401~450地號,1897.64,農,,,10208,土地1建物0車位0,,,其他,,,,0.0,0,0,0,有,無,9780000,5154,,0.0,0
福興鄉,土地,秀安段2401~2450地號,213.0,,鄉村區,乙種建築用地,10211,土地1建物0車位0,,,其他,,,,0.0,0,0,0,有,無,1610000,7559,,0.0,0
福興鄉,土地,元興段1301~1350地號,2344.0,,特定農業區,農牧用地,10211,土地1建物0車位0,,,其他,,,,0.0,0,0,0,有,無,3937920,1680,,0.0,0
鹿港鎮,土地,文開段351~400地號,35.24,其他,,,10211,土地1建物0車位0,,,其他,,,,0.0,0,0,0,有,無,4687500,133016,,0.0,0
彰化市,房地(土地+建物)+車位,彰化縣彰化巿彰鹿路107巷1~50號,29.0,住,,,10211,土地3建物1車位1,三層,008,華廈(10層含以下有電梯),見其他登記事項,鋼筋混凝土造,0811217,82.88,3,2,2,有,有,2800000,33784,坡道平面,0.0,0
彰化市,房地(土地+建物),彰化縣彰化巿陳稜路1~50號,159.0,商,,,10208,土地4建物5車位0,五層,005,華廈(10層含以下有電梯),住家用,鋼筋混凝土造,0890831,703.36,10,0,14,有,無,22000000,31278,,0.0,0
和美鎮,房地(土地+建物),彰化縣和美鎮彰美路四段101~150號,96.99,,鄉村區,乙種建築用地,10101,土地8建物1車位0,一層，二層，三層，四層,004,店面(店鋪),見其他登記事項,鋼筋混凝土造,1020617,189.7,5,2,3,有,有,8700000,45862,,0.0,0
和美鎮,房地(土地+建物),彰化縣和美鎮彰美路四段101~150號,89.28,,鄉村區,乙種建築用地,10101,土地9建物1車位0,二層，三層，一層，四層,004,店面(店鋪),見其他登記事項,鋼筋混凝土造,1020617,189.02,5,2,3,有,有,8700000,46027,,0.0,0
和美鎮,房地(土地+建物),彰化縣和美鎮彰美路四段51~100號,105.4,,鄉村區,乙種建築用地,10106,土地9建物1車位0,一層，二層，三層，四層,004,店面(店鋪),見其他登記事項,鋼筋混凝土造,1020617,245.82999999999998,5,2,3,有,有,10180000,41411,,0.0,0
和美鎮,房地(土地+建物),彰化縣和美鎮彰美路四段102巷1~50號,107.15,,鄉村區,乙種建築用地,10104,土地7建物1車位0,全,004,透天厝,住家用,鋼筋混凝土造,1020617,201.17,5,2,3,有,有,7410000,36835,,0.0,0
和美鎮,房地(土地+建物),彰化縣和美鎮彰美路四段102巷10弄1~50號,98.52,,鄉村區,乙種建築用地,10105,土地7建物1車位0,全,004,透天厝,住家用,鋼筋混凝土造,1020617,178.14999999999998,5,2,3,有,無,7133000,40039,,0.0,0
伸港鄉,土地,伸東段1101~1150地號,108.0,商,,,10207,土地1建物0車位0,,,其他,,,,0.0,0,0,0,有,無,3526200,32650,,0.0,0
彰化市,房地(土地+建物),彰化縣彰化巿彰南路三段1巷1~50號,287.97,,特定農業區,甲種建築用地,10210,土地1建物2車位0,全,002,透天厝,住家用,加強磚造,0800130,285.54,6,2,4,有,無,8000000,28017,,0.0,0
彰化市,房地(土地+建物)+車位,彰化縣彰化巿辭修北路198巷49弄1~50號,22.61,住,,,10211,土地1建物1車位1,五層,009,華廈(10層含以下有電梯),住家用,鋼筋混凝土造,0800816,371.47,3,2,2,有,有,4450000,11979,升降機械,0.0,0
彰化市,房地(土地+建物)+車位,彰化縣彰化巿中正路二段612巷99弄1~50號,17.43,住,,,10210,土地1建物1車位1,九層,011,住宅大樓(11層含以上有電梯),住家用,鋼筋混凝土造,0820423,107.35,3,2,2,有,有,4160000,38748,坡道機械,0.0,0
秀水鄉,房地(土地+建物),彰化縣秀水鄉信義街1~50號,66.0,住,,,10210,土地2建物1車位0,全,002,透天厝,住家用,見其他登記事項,0630228,93.45,0,0,0,無,無,3960000,42376,,0.0,0
彰化市,房地(土地+建物)+車位,彰化縣彰化巿崙美路651巷1~50號,82.91,住,,,10211,土地3建物1車位1,全,004,透天厝,見其他登記事項,鋼筋混凝土造,1020121,163.23,4,2,5,有,無,5800000,35533,一樓平面,0.0,0
彰化市,土地,牛稠子段下迨p段101~150地號,495.0,住,,,10209,土地1建物0車位0,,,其他,,,,0.0,0,0,0,有,無,19246000,38881,,0.0,0
彰化市,土地,萬興段601~650地號,2813.73,,特定農業區,農牧用地,10211,土地1建物0車位0,,,其他,,,,0.0,0,0,0,有,無,21700000,7712,,0.0,0
彰化市,土地,南郭段坑子內小段101~150地號,9.0,住,,,10211,土地1建物0車位0,,,其他,,,,0.0,0,0,0,有,無,576630,64070,,0.0,0
彰化市,房地(土地+建物),彰化縣彰化巿泰和中街51~100號,17.23,住,,,10211,土地2建物1車位0,十四層,014,住宅大樓(11層含以上有電梯),住家用,鋼筋混凝土造,0891020,102.41,2,2,2,有,有,3930000,38375,,0.0,0
彰化市,房地(土地+建物),彰化縣彰化巿福山街305巷1弄1~50號,61.0,,鄉村區,乙種建築用地,10211,土地1建物1車位0,全,002,透天厝,住家用,加強磚造,0681229,95.92,3,1,2,有,無,2050000,21372,,0.0,0
彰化市,房地(土地+建物),彰化縣彰化巿南興里中山路一段189巷45弄1~50號,100.0,住,,,10211,土地1建物1車位0,全,002,透天厝,住商用,加強磚造,0700508,111.42,2,1,2,有,無,4200000,37695,,0.0,0
芬園鄉,土地,圳墘段401~450地號,7483.08,,特定農業區,農牧用地,10211,土地2建物0車位0,,,其他,,,,0.0,0,0,0,有,無,35490012,4743,,0.0,0
彰化市,房地(土地+建物)+車位,彰化縣彰化巿金馬路三段646巷51~100號,24.82,住,,,10211,土地1建物1車位1,九層,010,華廈(10層含以下有電梯),住家用,鋼筋混凝土造,0820927,134.56,3,2,2,有,有,3200000,23781,升降機械,0.0,0
線西鄉,土地,中興段1851~1900地號,3522.0,,特定農業區,農牧用地,10211,土地1建物0車位0,,,其他,,,,0.0,0,0,0,有,無,17610000,5000,,0.0,0
和美鎮,房地(土地+建物),彰化縣和美鎮嘉佃路401~450號,532.0,,特定農業區,農牧用地,10206,土地1建物1車位0,一層，二層,002,農舍,農舍,見其他登記事項,1021021,70.48,0,0,0,無,無,3500000,,,0.0,0
彰化市,土地,民權段1001~1050地號,9.83,其他,,,10211,土地1建物0車位0,,,其他,,,,0.0,0,0,0,有,無,1514436,154063,,0.0,0
彰化市,土地,牛稠子段下迨p段1~50地號,1194.0,住,,,10211,土地11建物0車位0,,,其他,,,,0.0,0,0,0,有,無,10800000,9045,,0.0,0
和美鎮,土地,新庄子段201~250地號,7.0,,鄉村區,乙種建築用地,10211,土地1建物0車位0,,,其他,,,,0.0,0,0,0,有,無,150000,21429,,0.0,0
和美鎮,房地(土地+建物),彰化縣和美鎮鎮平里彰草路二段283巷1~50號,137.23,,鄉村區,乙種建築用地,10211,土地2建物1車位0,全,003,透天厝,見其他登記事項,鋼筋混凝土造,1020822,190.62,5,2,3,有,無,6550000,34362,,0.0,0
和美鎮,房地(土地+建物),彰化縣和美鎮鎮平里彰草路二段283巷1~50號,147.23,,鄉村區,乙種建築用地,10211,土地2建物1車位0,全,004,透天厝,住家用,鋼筋混凝土造,1020822,247.79,4,2,5,有,無,8380000,33819,,0.0,0
伸港鄉,土地,新興段1101~1150地號,213.83,,特定農業區,農牧用地,10211,土地1建物0車位0,,,其他,,,,0.0,0,0,0,有,無,510000,2385,,0.0,0
福興鄉,土地,永豐段351~400地號,2772.0,,特定農業區,農牧用地,10211,土地1建物0車位0,,,其他,,,,0.0,0,0,0,有,無,8593200,3100,,0.0,0
鹿港鎮,土地,鹿鳴段601~650地號,70.65,,鄉村區,乙種建築用地,10211,土地1建物0車位0,,,其他,,,,0.0,0,0,0,有,無,726660,10285,,0.0,0
和美鎮,房地(土地+建物)+車位,彰化縣和美鎮彰美路一段551~600號,21.11,住,,,10211,土地1建物1車位1,四層,009,華廈(10層含以下有電梯),見其他登記事項,鋼筋混凝土造,0860203,114.11,3,2,2,有,有,3800000,33301,坡道機械,0.0,0
福興鄉,土地,秀安段2401~2450地號,3150.0,,特定農業區,農牧用地,10211,土地1建物0車位0,,,其他,,,,0.0,0,0,0,有,無,4890000,1552,,0.0,0
福興鄉,房地(土地+建物),彰化縣福興鄉員鹿路二段495巷59弄1~50號,96.1,,鄉村區,乙種建築用地,10212,土地1建物1車位0,全,002,透天厝,住家用,鋼筋混凝土加強磚造,0690415,101.58,3,2,2,有,無,1500000,14767,,0.0,0
福興鄉,房地(土地+建物),彰化縣福興鄉外埔巷1~50號,97.35,,特定農業區,甲種建築用地,10211,土地3建物1車位0,全,003,透天厝,住家用,鋼筋混凝土造,0961030,141.81,4,2,3,有,無,4300000,30322,,0.0,0
鹿港鎮,土地,東昇段1601~1650地號,1449.6,,鄉村區,乙種建築用地,10211,土地4建物0車位0,,,其他,,,,0.0,0,0,0,有,無,25438680,17549,,0.0,0
鹿港鎮,房地(土地+建物),彰化縣鹿港鎮鹿和路四段45巷1~50號,121.44,,鄉村區,乙種建築用地,10211,土地2建物1車位0,全,004,透天厝,住家用,鋼筋混凝土造,1010601,216.15,4,2,3,有,無,8200000,37937,,0.0,0
鹿港鎮,房地(土地+建物),彰化縣鹿港鎮民族路301~350號,84.23,住,,,10211,土地1建物1車位0,全,005,透天厝,住商用,鋼筋混凝土造,0840823,267.81,3,2,3,有,無,9500000,35473,,0.0,0
鹿港鎮,房地(土地+建物),彰化縣鹿港鎮鹿和路三段231巷1~50號,269.0,,鄉村區,乙種建築用地,10211,土地1建物1車位0,全,002,透天厝,住家用,鋼筋混凝土加強磚造,0700703,113.76,3,2,2,有,無,4810000,42282,,0.0,0
員林鎮,房地(土地+建物),彰化縣員林鎮新興里中正路551~600號,142.0,商,,,10211,土地2建物1車位0,一層，二層，騎樓,002,店面(店鋪),住家用,鋼筋混凝土加強磚造,0560320,132.49,4,2,2,有,無,17600000,132840,,0.0,0
員林鎮,土地,溝皂段701~750地號,185.35,住,,,10211,土地1建物0車位0,,,其他,,,,0.0,0,0,0,有,無,15680000,84597,,0.0,0
員林鎮,土地,惠來段901~950地號,33.03,其他,,,10211,土地1建物0車位0,,,其他,,,,0.0,0,0,0,有,無,85000,2573,,0.0,0
員林鎮,土地,三條段801~850地號,833.65,住,,,10211,土地1建物0車位0,,,其他,,,,0.0,0,0,0,有,無,36818152,44165,,0.0,0
員林鎮,土地,三條段751~800地號,1105.43,住,,,10211,土地1建物0車位0,,,其他,,,,0.0,0,0,0,有,無,48821316,44165,,0.0,0
員林鎮,土地,三條段701~750地號,395.72,住,,,10211,土地1建物0車位0,,,其他,,,,0.0,0,0,0,有,無,17476974,44165,,0.0,0
員林鎮,土地,三條段701~750地號,256.51,住,,,10211,土地1建物0車位0,,,其他,,,,0.0,0,0,0,有,無,11328764,44165,,0.0,0
員林鎮,土地,三條段701~750地號,995.4,住,,,10211,土地1建物0車位0,,,其他,,,,0.0,0,0,0,有,無,43961841,44165,,0.0,0
員林鎮,房地(土地+建物),彰化縣員林鎮民生里萬年巷1~50號,88.0,住,,,10210,土地1建物1車位0,全,005,透天厝,住家用,鋼筋混凝土造,0801018,274.55,7,3,4,有,無,9000000,32781,,0.0,0
大村鄉,房地(土地+建物),彰化縣大村鄉山腳路51~100號,109.22,,鄉村區,乙種建築用地,10211,土地3建物1車位0,全,003,透天厝,住家用,鋼筋混凝土造,1020611,175.28,4,2,3,有,無,6500000,37084,,0.0,0
員林鎮,土地,惠農段1151~1200地號,125.03,住,,,10211,土地1建物0車位0,,,其他,,,,0.0,0,0,0,有,無,6300000,50388,,0.0,0
田中鎮,土地,新外三段801~850地號,198.08,,特定農業區,農牧用地,10211,土地1建物0車位0,,,其他,,,,0.0,0,0,0,有,無,1000000,5048,,0.0,0
埤頭鄉,房地(土地+建物),彰化縣埤頭鄉復興巷1~50號,98.0,,鄉村區,乙種建築用地,10211,土地1建物1車位0,全,002,透天厝,住商用,加強磚造,0700618,122.8,3,2,2,有,無,458800,3736,,0.0,0
埤頭鄉,土地,光華段1~50地號,647.86,,特定農業區,農牧用地,10211,土地1建物0車位0,,,其他,,,,0.0,0,0,0,有,無,935120,1443,,0.0,0
溪州鄉,土地,中西段101~150地號,2750.92,,一般農業區,農牧用地,10211,土地2建物0車位0,,,其他,,,,0.0,0,0,0,有,無,6520000,2370,,0.0,0
埤頭鄉,房地(土地+建物),彰化縣埤頭鄉彰水路三段351~400號,75.66,住,,,10210,土地1建物1車位0,全,002,透天厝,住商用,加強磚造,0690715,146.7,3,2,2,有,無,3230000,22018,,0.0,0
溪州鄉,土地,圳寮段151~200地號,504.33,,特定農業區,農牧用地,10211,土地3建物0車位0,,,其他,,,,0.0,0,0,0,有,無,600000,1190,,0.0,0
二林鎮,房地(土地+建物),彰化縣二林鎮二溪路一段1~50號,56.07,住,,,10211,土地2建物1車位0,全,003,透天厝,住家用,見其他登記事項,0570115,104.7,0,0,0,無,無,3390000,32378,,0.0,0
和美鎮,土地,大霞段1401~1450地號,3303.0,,鄉村區,乙種建築用地,10211,土地1建物0車位0,,,其他,,,,0.0,0,0,0,有,無,19983150,6050,,0.0,0
和美鎮,房地(土地+建物),彰化縣和美鎮忠信路43巷1~50號,109.42,住,,,10210,土地2建物1車位0,全,004,透天厝,見其他登記事項,鋼筋混凝土造,1020524,180.95,5,2,3,有,有,7320000,40453,,0.0,0
和美鎮,房地(土地+建物),彰化縣和美鎮忠信路43巷1~50號,171.42,住,,,10210,土地2建物1車位0,全,004,透天厝,見其他登記事項,鋼筋混凝土造,1020524,236.86,5,2,3,有,有,7500000,31664,,0.0,0
和美鎮,房地(土地+建物),彰化縣和美鎮忠信路1~50號,119.42,住,,,10210,土地2建物1車位0,全,004,透天厝,見其他登記事項,鋼筋混凝土造,1020524,270.88,5,2,3,有,有,8800000,32487,,0.0,0
福興鄉,土地,大興段1301~1350地號,822.0,,鄉村區,乙種建築用地,10210,土地2建物0車位0,,,其他,,,,0.0,0,0,0,有,無,8200000,9976,,0.0,0
福興鄉,土地,大興段1301~1350地號,260.0,,鄉村區,乙種建築用地,10211,土地1建物0車位0,,,其他,,,,0.0,0,0,0,有,無,2600000,10000,,0.0,0
員林鎮,土地,復興段1201~1250地號,254.88,住,,,10212,土地1建物0車位0,,,其他,,,,0.0,0,0,0,有,無,12276550,48166,,0.0,0
彰化市,房地(土地+建物),彰化縣彰化巿建和街101~150號,83.0,住,,,10211,土地1建物1車位0,全,004,透天厝,見其他登記事項,鋼筋混凝土造,0901008,246.82,6,2,4,有,無,11500000,46593,,0.0,0
芬園鄉,土地,嘉興段1101~1150地號,788.0,,特定農業區,農牧用地,10211,土地1建物0車位0,,,其他,,,,0.0,0,0,0,有,無,7000000,8883,,0.0,0
埤頭鄉,土地,稻香段351~400地號,1793.5,,特定農業區,農牧用地,10211,土地1建物0車位0,,,其他,,,,0.0,0,0,0,有,無,3060000,1706,,0.0,0
北斗鎮,房地(土地+建物),彰化縣北斗鎮斗苑路一段251~300號,158.0,住,,,10212,土地3建物2車位0,全,005,透天厝,住商用,鋼筋混凝土加強磚造,0730126,418.19,4,2,2,有,無,10000000,23913,,0.0,0
北斗鎮,土地,新生段1051~1100地號,2084.48,,特定農業區,農牧用地,10211,土地2建物0車位0,,,其他,,,,0.0,0,0,0,有,無,6250000,2998,,0.0,0
溪湖鎮,土地,大竹段301~350地號,54.0,住,,,10211,土地1建物0車位0,,,其他,,,,0.0,0,0,0,有,無,1500000,27778,,0.0,0
田中鎮,土地,崁頂段251~300地號,70.68,,特定農業區,農牧用地,10210,土地1建物0車位0,,,其他,,,,0.0,0,0,0,有,無,250000,3537,,0.0,0
花壇鄉,土地,新內庄段801~850地號,26.98,,特定農業區,甲種建築用地,10210,土地1建物0車位0,,,其他,,,,0.0,0,0,0,有,無,134900,5000,,0.0,0
花壇鄉,土地,新內庄段851~900地號,26.87,,特定農業區,農牧用地,10210,土地1建物0車位0,,,其他,,,,0.0,0,0,0,有,無,48366,1800,,0.0,0
花壇鄉,土地,新內庄段851~900地號,418.56,,特定農業區,農牧用地,10210,土地1建物0車位0,,,其他,,,,0.0,0,0,0,有,無,753408,1800,,0.0,0
花壇鄉,土地,新內庄段851~900地號,23.37,,特定農業區,農牧用地,10211,土地1建物0車位0,,,其他,,,,0.0,0,0,0,有,無,48366,2070,,0.0,0
芬園鄉,土地,竹林段401~450地號,2115.21,農,,,10210,土地4建物0車位0,,,其他,,,,0.0,0,0,0,有,無,12690000,5999,,0.0,0
和美鎮,房地(土地+建物),彰化縣和美鎮福北路76及78及51~100號,1499.0,,特定農業區,甲種建築用地,10210,土地2建物3車位0,一層,001,廠辦,住家用,加強磚造,0711018,57.98,3,3,1,有,無,31700000,546740,,0.0,0
員林鎮,土地,香山段401~450地號,445.28,,特定農業區,農牧用地,10211,土地2建物0車位0,,,其他,,,,0.0,0,0,0,有,無,2295500,5155,,0.0,0
員林鎮,土地,香山段401~450地號,907.22,,特定農業區,農牧用地,10211,土地4建物0車位0,,,其他,,,,0.0,0,0,0,有,無,4676626,5155,,0.0,0
大村鄉,房地(土地+建物),彰化縣大村鄉福興二巷57弄1~50號,55.45,,山坡地保育區,丙種建築用地,10211,土地1建物1車位0,全,002,透天厝,住家用,加強磚造,0700422,70.2,3,1,2,有,無,2300000,32764,,0.0,0
員林鎮,土地,三和段901~950地號,344.36,住,,,10210,土地1建物0車位0,,,其他,,,,0.0,0,0,0,有,無,17500560,50821,,0.0,0
員林鎮,土地,三和段901~950地號,315.21,住,,,10210,土地1建物0車位0,,,其他,,,,0.0,0,0,0,有,無,16018800,50819,,0.0,0
永靖鄉,土地,永南段1001~1050地號,171.93,,鄉村區,乙種建築用地,10210,土地1建物0車位0,,,其他,,,,0.0,0,0,0,有,無,739299,4300,,0.0,0
永靖鄉,土地,永南段1001~1050地號,108.71,,鄉村區,乙種建築用地,10210,土地1建物0車位0,,,其他,,,,0.0,0,0,0,有,無,467453,4300,,0.0,0
永靖鄉,土地,永南段1001~1050地號,50.35,,鄉村區,乙種建築用地,10210,土地1建物0車位0,,,其他,,,,0.0,0,0,0,有,無,216505,4300,,0.0,0
永靖鄉,土地,永南段1001~1050地號,124.9,,鄉村區,乙種建築用地,10210,土地2建物0車位0,,,其他,,,,0.0,0,0,0,有,無,538231,4309,,0.0,0
永靖鄉,土地,永南段1001~1050地號,247.09,,鄉村區,乙種建築用地,10210,土地1建物0車位0,,,其他,,,,0.0,0,0,0,有,無,1062487,4300,,0.0,0
永靖鄉,土地,永南段1051~1100地號,30.65,,鄉村區,乙種建築用地,10210,土地1建物0車位0,,,其他,,,,0.0,0,0,0,有,無,131795,4300,,0.0,0
芳苑鄉,土地,王功段1~50地號,39.3,,一般農業區,農牧用地,10211,土地1建物0車位0,,,其他,,,,0.0,0,0,0,有,無,160000,4071,,0.0,0
二林鎮,房地(土地+建物),彰化縣二林鎮大成路一段501~550號,606.38,其他,,,10211,土地2建物1車位0,全,002,透天厝,住商用,加強磚造,0710809,350.29,3,2,2,有,無,24760000,70684,,0.0,0
埔鹽鄉,土地,石埤段1~50地號,2531.0,,特定農業區,農牧用地,10211,土地1建物0車位0,,,其他,,,,0.0,0,0,0,有,無,3796500,1500,,0.0,0
溪湖鎮,土地,三興段201~250地號,2181.06,,特定農業區,農牧用地,10211,土地1建物0車位0,,,其他,,,,0.0,0,0,0,有,無,4395000,2015,,0.0,0
溪湖鎮,土地,中東段1201~1250地號,210.32,,特定農業區,農牧用地,10211,土地1建物0車位0,,,其他,,,,0.0,0,0,0,有,無,420640,2000,,0.0,0
溪湖鎮,土地,中東段1201~1250地號,841.28,,特定農業區,農牧用地,10211,土地1建物0車位0,,,其他,,,,0.0,0,0,0,有,無,1682560,2000,,0.0,0
埔鹽鄉,土地,新水段501~550地號,2820.0,,特定農業區,農牧用地,10211,土地1建物0車位0,,,其他,,,,0.0,0,0,0,有,無,7330000,2599,,0.0,0
溪湖鎮,土地,中東段1201~1250地號,840.22,,特定農業區,農牧用地,10211,土地1建物0車位0,,,其他,,,,0.0,0,0,0,有,無,1680440,2000,,0.0,0
溪湖鎮,土地,中東段1201~1250地號,210.33,,特定農業區,農牧用地,10211,土地1建物0車位0,,,其他,,,,0.0,0,0,0,有,無,420640,2000,,0.0,0
溪湖鎮,土地,中東段1201~1250地號,210.3,,特定農業區,農牧用地,10211,土地1建物0車位0,,,其他,,,,0.0,0,0,0,有,無,420640,2000,,0.0,0
溪湖鎮,土地,中東段1201~1250地號,210.33,,特定農業區,農牧用地,10211,土地1建物0車位0,,,其他,,,,0.0,0,0,0,有,無,420640,2000,,0.0,0
北斗鎮,土地,三和段51~100地號,1863.0,,特定農業區,農牧用地,10212,土地1建物0車位0,,,其他,,,,0.0,0,0,0,有,無,5370000,2882,,0.0,0
社頭鄉,房地(土地+建物),彰化縣社頭鄉山腳路四段100巷94弄1~50號,86.57,,鄉村區,乙種建築用地,10211,土地2建物1車位0,全,003,透天厝,住商用,鋼筋混凝土造,0791018,158.71,6,2,3,有,無,3600000,22683,,0.0,0
田尾鄉,房地(土地+建物),彰化縣田尾鄉延平路26巷1~50號,113.93,,鄉村區,乙種建築用地,10211,土地3建物1車位0,全,003,透天厝,住家用,鋼筋混凝土造,0951012,165.22,4,2,3,有,無,4500000,27236,,0.0,0
溪州鄉,土地,更新段501~550地號,357.58,,鄉村區,乙種建築用地,10211,土地2建物0車位0,,,其他,,,,0.0,0,0,0,有,無,2200000,6152,,0.0,0
員林鎮,土地,豐年段651~700地號,281.01,,鄉村區,乙種建築用地,10211,土地3建物0車位0,,,其他,,,,0.0,0,0,0,有,無,4981000,17725,,0.0,0
員林鎮,土地,員草段251~300地號,4040.87,,山坡地保育區,農牧用地,10211,土地1建物0車位0,,,其他,,,,0.0,0,0,0,有,無,13250000,3279,,0.0,0
員林鎮,土地,員林段551~600地號,46.0,其他,,,10211,土地1建物0車位0,,,其他,,,,0.0,0,0,0,有,無,4202330,91355,,0.0,0
員林鎮,房地(土地+建物),彰化縣員林鎮浮圳路一段100巷75弄1~50號,189.72,,特定農業區,甲種建築用地,10211,土地4建物1車位0,全,004,透天厝,住家用,鋼筋混凝土造,1011122,190.78,4,3,3,有,有,9000000,47175,,0.0,0
員林鎮,土地,三多段701~750地號,150.11,住,,,10210,土地1建物0車位0,,,其他,,,,0.0,0,0,0,有,無,4397301,29294,,0.0,0
員林鎮,土地,豐年段951~1000地號,177.35,住,,,10211,土地1建物0車位0,,,其他,,,,0.0,0,0,0,有,無,8583680,48400,,0.0,0
大村鄉,房地(土地+建物),彰化縣大村鄉山腳路101~150號,109.0,,鄉村區,乙種建築用地,10211,土地1建物1車位0,全,002,透天厝,住家用,加強磚造,0730112,13.2,2,2,2,有,無,3150000,238636,,0.0,0
員林鎮,房地(土地+建物),彰化縣員林鎮員水路二段501~550號,65.0,其他,,,10211,土地1建物1車位0,全,002,透天厝,住家用,見其他登記事項,0560210,127.28,5,3,3,有,無,7800000,61282,,0.0,0
鹿港鎮,房地(土地+建物),彰化縣鹿港鎮永瑞街72巷12弄1~50號,122.83,住,,,10210,土地2建物1車位0,全,003,透天厝,住家用,鋼筋混凝土造,1020621,190.79,4,3,4,有,無,8700000,45600,,0.0,0
彰化市,房地(土地+建物),彰化縣彰化巿彰益街1~50號,90.59,住,,,10211,土地3建物1車位0,全,005,透天厝,見其他登記事項,鋼筋混凝土造,0920403,243.45,4,3,3,有,有,11500000,47238,,0.0,0
彰化市,房地(土地+建物),彰化縣彰化巿建國南路51~100號,14.84,住,,,10211,土地1建物1車位0,一層,014,住宅大樓(11層含以上有電梯),住家用,鋼筋混凝土造,0850629,131.31,3,2,2,有,有,3200000,24370,,0.0,0
彰化市,土地,西勢子段西勢子小段51~100地號,127.13,住,,,10212,土地1建物0車位0,,,其他,,,,0.0,0,0,0,有,無,7050000,55455,,0.0,0
彰化市,房地(土地+建物),彰化縣彰化巿中山路三段227巷51~100號,171.0,其他,,,10211,土地1建物1車位0,全,003,透天厝,工業用,鋼筋混凝土造,0840412,209.46,9,3,6,有,無,5500000,26258,,0.0,0
伸港鄉,土地,伸同段51~100地號,1512.1,住,,,10210,土地1建物0車位0,,,其他,,,,0.0,0,0,0,有,無,33390900,22082,,0.0,0
和美鎮,房地(土地+建物),彰化縣和美鎮建東路67巷1~50號,141.08,住,,,10210,土地2建物1車位0,全,004,透天厝,住家用,鋼筋混凝土造,1020904,198.78,4,1,3,有,無,7600000,38233,,0.0,0
和美鎮,房地(土地+建物),彰化縣和美鎮建東路67巷1~50號,82.65,住,,,10210,土地2建物1車位0,全,003,透天厝,見其他登記事項,鋼筋混凝土造,1020904,165.92,4,1,3,有,無,5800000,34957,,0.0,0
和美鎮,房地(土地+建物),彰化縣和美鎮建東路67巷1~50號,103.69,住,,,10210,土地2建物1車位0,全,003,透天厝,見其他登記事項,鋼筋混凝土造,1020904,171.44,4,1,3,有,無,6100000,35581,,0.0,0
和美鎮,土地,忠孝段651~700地號,1980.0,,特定農業區,農牧用地,10211,土地1建物0車位0,,,其他,,,,0.0,0,0,0,有,無,10000000,5051,,0.0,0
彰化市,土地,磚{段1151~1200地號,136.89,住,,,10211,土地1建物0車位0,,,其他,,,,0.0,0,0,0,有,無,2360266,17242,,0.0,0
秀水鄉,房地(土地+建物),彰化縣秀水鄉民意街151~200號,65.0,住,,,10211,土地1建物1車位0,全,004,透天厝,住家用,鋼筋混凝土造,0950126,156.11,4,3,4,有,無,6600000,42278,,0.0,0
彰化市,車位,彰化縣彰化巿崙平南路401~450號,0.0,,,,10211,土地0建物0車位1,,,其他,,,,16.53,0,0,0,有,有,170000,,升降機械,0.0,170000
彰化市,房地(土地+建物),彰化縣彰化巿中山路二段612巷1~50號,38.8,住,,,10210,土地1建物1車位0,二層,005,公寓(5樓含以下無電梯),住家用,鋼筋混凝土造,0690918,117.11,3,1,2,有,有,2200000,18786,,0.0,0
彰化市,房地(土地+建物),彰化縣彰化巿彰鹿路168巷151~200號,1000.0,其他,,,10209,土地1建物1車位0,全,003,透天厝,農舍,鋼筋混凝土造,0770512,379.35,4,1,2,有,無,4800000,12653,,0.0,0
芬園鄉,土地,嘉興段401~450地號,3437.0,,特定農業區,農牧用地,10210,土地1建物0車位0,,,其他,,,,0.0,0,0,0,有,無,27500000,8001,,0.0,0
彰化市,土地,聯興段751~800地號,1117.13,,山坡地保育區,農牧用地,10210,土地5建物0車位0,,,其他,,,,0.0,0,0,0,有,無,1563000,1399,,0.0,0
芬園鄉,土地,竹林段401~450地號,964.83,農,,,10211,土地2建物0車位0,,,其他,,,,0.0,0,0,0,有,無,4500000,4664,,0.0,0
彰化市,房地(土地+建物),彰化縣彰化巿南興里南興街121巷25弄51~100號,90.0,住,,,10211,土地1建物1車位0,全,004,透天厝,住家用,鋼筋混凝土造,1011218,191.59,4,3,3,有,無,10500000,54805,,0.0,0
花壇鄉,土地,新灣子口段1101~1150地號,277.39,,特定農業區,農牧用地,10212,土地1建物0車位0,,,其他,,,,0.0,0,0,0,有,無,335640,1210,,0.0,0
彰化市,土地,牛稠子段山腳小段301~350地號,520.0,住,,,10208,土地2建物0車位0,,,其他,,,,0.0,0,0,0,有,無,22808065,43862,,0.0,0
彰化市,房地(土地+建物),彰化縣彰化巿建國南路109巷101~150號,107.2,工,,,10211,土地3建物1車位0,一層，二層，三層，四層,004,店面(店鋪),見其他登記事項,鋼筋混凝土造,0981110,209.93,4,3,4,有,無,10900000,51922,,0.0,0
和美鎮,土地,新庄子段201~250地號,3930.0,,特定農業區,農牧用地,10211,土地1建物0車位0,,,其他,,,,0.0,0,0,0,有,無,17550000,4466,,0.0,0
伸港鄉,土地,伸中段751~800地號,265.0,工,,,10211,土地1建物0車位0,,,其他,,,,0.0,0,0,0,有,無,1696030,6400,,0.0,0
伸港鄉,房地(土地+建物),彰化縣伸港鄉大同村大同八街201~250號,107.0,住,,,10205,土地1建物1車位0,全,004,透天厝,住家用,鋼筋混凝土造,1021025,189.01,5,3,3,有,無,6380000,33755,,0.0,0
伸港鄉,房地(土地+建物),彰化縣伸港鄉大同村大同八街201~250號,107.0,住,,,10211,土地1建物1車位0,全,004,透天厝,住家用,鋼筋混凝土造,1021025,189.01,5,3,3,有,無,6420000,33966,,0.0,0
伸港鄉,房地(土地+建物),彰化縣伸港鄉大同村大同八街201~250號,197.93,住,,,10211,土地1建物1車位0,全,004,透天厝,住家用,鋼筋混凝土造,1021025,188.93,5,3,3,有,無,7100000,37580,,0.0,0
伸港鄉,房地(土地+建物),彰化縣伸港鄉大同村大同八街201~250號,107.0,住,,,10205,土地1建物1車位0,全,004,透天厝,住家用,鋼筋混凝土造,1021025,189.01,5,3,3,有,無,6420000,33966,,0.0,0
和美鎮,房地(土地+建物),彰化縣和美鎮美寮路二段651~700號,119.0,住,,,10211,土地1建物1車位0,全,002,透天厝,住家用,鋼筋混凝土加強磚造,0570201,97.76,3,2,2,有,無,6200000,63421,,0.0,0
和美鎮,土地,忠孝段1351~1400地號,515.5,,鄉村區,乙種建築用地,10211,土地4建物0車位0,,,其他,,,,0.0,0,0,0,有,無,7017000,13612,,0.0,0
線西鄉,土地,西興段51~100地號,24312.65,,工業區,丁種建築用地,10207,土地2建物0車位0,,,其他,,,,0.0,0,0,0,有,無,163721385,6734,,0.0,0
秀水鄉,土地,東興段751~800地號,171.33,住,,,10211,土地4建物0車位0,,,其他,,,,0.0,0,0,0,有,無,3051172,17809,,0.0,0
花壇鄉,房地(土地+建物),彰化縣花壇鄉中正東街85巷1~50號,223.51,,山坡地保育區,丙種建築用地,10210,土地5建物1車位0,全,004,透天厝,見其他登記事項,鋼筋混凝土造,0851028,209.82,4,2,3,有,無,7450000,35507,,0.0,0
彰化市,房地(土地+建物),彰化縣彰化巿中山路一段346巷1~50號,20.82,其他,,,10211,土地2建物1車位0,四層,013,住宅大樓(11層含以上有電梯),住家用,鋼筋混凝土造,0830728,137.85,3,2,2,有,有,4180000,30323,,0.0,0
彰化市,房地(土地+建物),彰化縣彰化巿彰南路二段346巷1~50號,152.66,,山坡地保育區,丙種建築用地,10210,土地1建物1車位0,全,002,透天厝,住家用,加強磚造,0680401,120.22,3,2,3,有,無,3200000,26618,,0.0,0
彰化市,房地(土地+建物),彰化縣彰化巿瑞陽街11巷1~50號,19.83,住,,,10211,土地1建物1車位0,四層,007,華廈(10層含以下有電梯),住家用,鋼筋混凝土造,0820923,102.97999999999999,3,2,2,有,有,3200000,31074,,0.0,0
福興鄉,土地,三元段1051~1100地號,41.39,,特定農業區,農牧用地,10212,土地3建物0車位0,,,其他,,,,0.0,0,0,0,有,無,113100,2733,,0.0,0
鹿港鎮,土地,鹿鳴段1301~1350地號,3571.0,,特定農業區,農牧用地,10211,土地1建物0車位0,,,其他,,,,0.0,0,0,0,有,無,14650000,4102,,0.0,0
鹿港鎮,土地,鹿昇段751~800地號,1413.03,,特定農業區,農牧用地,10210,土地1建物0車位0,,,其他,,,,0.0,0,0,0,有,無,5793000,4100,,0.0,0
鹿港鎮,土地,鹿草段1001~1050地號,2484.0,,特定農業區,農牧用地,10211,土地2建物0車位0,,,其他,,,,0.0,0,0,0,有,無,5961600,2400,,0.0,0
鹿港鎮,土地,文開段601~650地號,0.67,住,,,10211,土地1建物0車位0,,,其他,,,,0.0,0,0,0,有,無,9605,0,,0.0,0
福興鄉,土地,新生段351~400地號,3731.0,,特定農業區,農牧用地,10212,土地2建物0車位0,,,其他,,,,0.0,0,0,0,有,無,14924000,4000,,0.0,0
大村鄉,房地(土地+建物),彰化縣大村鄉山腳路1~50號,136.3,,鄉村區,乙種建築用地,10211,土地1建物1車位0,全,003,透天厝,住家用,鋼筋混凝土造,0891114,223.51,4,2,3,有,無,4800000,21476,,0.0,0
員林鎮,建物,彰化縣員林鎮香山二路1~50號,0.0,,,,10211,土地0建物1車位0,全,003,透天厝,見其他登記事項,鋼筋混凝土造,1020812,186.37,5,2,3,有,有,2300000,12341,,0.0,0
大村鄉,土地,南勢段101~150地號,5000.0,農,,,10211,土地2建物0車位0,,,其他,,,,0.0,0,0,0,有,無,23300000,4660,,0.0,0
大村鄉,土地,江夏段1201~1250地號,148.56,,特定農業區,甲種建築用地,10211,土地2建物0車位0,,,其他,,,,0.0,0,0,0,有,無,1200000,8078,,0.0,0
永靖鄉,房地(土地+建物),彰化縣永靖鄉永靖街225巷1~50號,77.29,住,,,10211,土地1建物1車位0,全,002,透天厝,見其他登記事項,鋼筋混凝土造,0720317,108.36,3,2,2,有,無,3300000,30454,,0.0,0
員林鎮,土地,三和段1051~1100地號,244.95,住,,,10211,土地1建物0車位0,,,其他,,,,0.0,0,0,0,有,無,7040000,28741,,0.0,0
田尾鄉,房地(土地+建物),彰化縣田尾鄉新民路3巷1~50號,118.0,,鄉村區,乙種建築用地,10211,土地1建物1車位0,全,002,透天厝,住家用,鋼筋混凝土造,0820802,95.04,4,1,2,有,無,1990000,20939,,0.0,0
北斗鎮,土地,東螺段1~50地號,2375.91,,特定農業區,農牧用地,10210,土地1建物0車位0,,,其他,,,,0.0,0,0,0,有,無,4300000,1810,,0.0,0
北斗鎮,土地,東螺段201~250地號,1615.04,,特定農業區,農牧用地,10211,土地1建物0車位0,,,其他,,,,0.0,0,0,0,有,無,6000000,3715,,0.0,0
埤頭鄉,土地,永豐段901~950地號,2587.5,,特定農業區,農牧用地,10211,土地1建物0車位0,,,其他,,,,0.0,0,0,0,有,無,6350000,2454,,0.0,0
埤頭鄉,土地,振興段151~200地號,1553.0,,特定農業區,農牧用地,10211,土地1建物0車位0,,,其他,,,,0.0,0,0,0,有,無,1681050,1082,,0.0,0
溪州鄉,土地,瓦厝段251~300地號,350.0,農,,,10211,土地1建物0車位0,,,其他,,,,0.0,0,0,0,有,無,1044000,2983,,0.0,0
田中鎮,房地(土地+建物),彰化縣田中鎮福安路32巷51~100號,78.94,住,,,10212,土地2建物1車位0,全,003,透天厝,住家用,鋼筋混凝土造,0810130,162.83,4,2,5,有,無,5300000,32549,,0.0,0
田中鎮,土地,田中段1101~1150地號,49.82,商,,,10211,土地2建物0車位0,,,其他,,,,0.0,0,0,0,有,無,1085100,21780,,0.0,0
田中鎮,土地,新民段751~800地號,151.01,農,,,10212,土地1建物0車位0,,,其他,,,,0.0,0,0,0,有,無,2420000,16025,,0.0,0
田中鎮,土地,中賢段901~950地號,113.0,農,,,10211,土地1建物0車位0,,,其他,,,,0.0,0,0,0,有,無,2550000,22566,,0.0,0
田中鎮,土地,中賢段1551~1600地號,92.0,住,,,10212,土地2建物0車位0,,,其他,,,,0.0,0,0,0,有,無,4124500,44832,,0.0,0
社頭鄉,房地(土地+建物),彰化縣社頭鄉山腳路四段91巷79弄1~50號,93.83,,鄉村區,乙種建築用地,10211,土地2建物1車位0,全,003,透天厝,住家用,鋼筋混凝土造,0891230,148.79,4,2,2,有,無,4200000,28228,,0.0,0
田中鎮,土地,東源段1151~1200地號,972.69,農,,,10212,土地1建物0車位0,,,其他,,,,0.0,0,0,0,有,無,1800000,1851,,0.0,0
田中鎮,土地,中南段351~400地號,148.1,住,,,10111,土地2建物0車位0,,,其他,,,,0.0,0,0,0,有,無,3357400,22670,,0.0,0
溪湖鎮,房地(土地+建物),彰化縣溪湖鎮興學街251~300號,86.0,住,,,10210,土地1建物1車位0,全,003,透天厝,住商用,鋼筋混凝土造,0830624,172.81,7,1,3,有,無,7300000,42243,,0.0,0
埔鹽鄉,土地,石埤段151~200地號,3460.0,,特定農業區,農牧用地,10210,土地1建物0車位0,,,其他,,,,0.0,0,0,0,有,無,6920000,2000,,0.0,0
二林鎮,土地,儒生段1151~1200地號,272.0,住,,,10212,土地2建物0車位0,,,其他,,,,0.0,0,0,0,有,無,4607680,16940,,0.0,0
北斗鎮,房地(土地+建物),彰化縣北斗鎮斗苑路二段601~650號,82.62,,特定農業區,農牧用地,10210,土地1建物1車位0,全,002,透天厝,農舍,加強磚造,0701124,113.52,3,2,2,有,無,2100000,18499,,0.0,0
大村鄉,土地,福興段651~700地號,1940.35,,特定農業區,農牧用地,10210,土地1建物0車位0,,,其他,,,,0.0,0,0,0,有,無,4656840,2400,,0.0,0
員林鎮,房地(土地+建物),彰化縣員林鎮建國路1~50號,114.0,住,,,10211,土地1建物1車位0,一層，二層，三層，騎樓,003,店面(店鋪),住商用,鋼筋混凝土加強磚造,0690119,321.69,7,2,4,有,無,11300000,35127,,0.0,0
社頭鄉,房地(土地+建物),彰化縣社頭鄉美雅村崙雅巷1~50號,127.97,住,,,10211,土地3建物1車位0,全,003,透天厝,住家用,鋼筋混凝土造,0860610,165.17,0,0,0,無,無,5500000,33299,,0.0,0
社頭鄉,土地,橋頭段51~100地號,7357.7,,特定農業區,農牧用地,10211,土地2建物0車位0,,,其他,,,,0.0,0,0,0,有,無,15930000,2165,,0.0,0
鹿港鎮,房地(土地+建物),彰化縣鹿港鎮永和街67巷1~50號,78.0,住,,,10211,土地1建物1車位0,全,004,透天厝,住家用,鋼筋混凝土造,0830725,164.04,4,2,3,有,無,5280000,32187,,0.0,0
鹿港鎮,土地,永福段651~700地號,26.83,住,,,10211,土地1建物0車位0,,,其他,,,,0.0,0,0,0,有,無,295130,11000,,0.0,0
和美鎮,土地,和中段51~100地號,0.02,住,,,10211,土地1建物0車位0,,,其他,,,,0.0,0,0,0,有,無,417,0,,0.0,0
伸港鄉,房地(土地+建物),彰化縣伸港鄉建國十街151~200號,127.5,住,,,10211,土地1建物1車位0,全,003,透天厝,見其他登記事項,鋼筋混凝土造,1020318,182.32,4,2,3,有,無,5900000,32361,,0.0,0
花壇鄉,房地(土地+建物),彰化縣花壇鄉彰員路三段680巷1~50號,314.94,,山坡地保育區,農牧用地,10211,土地4建物1車位0,全,004,透天厝,見其他登記事項,鋼筋混凝土造,0790206,209.12,4,1,4,有,無,10800000,51645,,0.0,0
溪湖鎮,土地,福安段1251~1300地號,235.0,商,,,10211,土地1建物0車位0,,,其他,,,,0.0,0,0,0,有,無,8000000,34043,,0.0,0
埔心鄉,房地(土地+建物),彰化縣埔心鄉中山路207巷5弄1~50號,96.93,,鄉村區,乙種建築用地,10211,土地3建物1車位0,全,005,透天厝,見其他登記事項,鋼筋混凝土造,0940225,267.98,4,3,3,有,無,7300000,27241,,0.0,0
溪湖鎮,土地,光平段501~550地號,67.0,商,,,10211,土地1建物0車位0,,,其他,,,,0.0,0,0,0,有,無,5776070,86210,,0.0,0
埔鹽鄉,土地,永昌段601~650地號,2120.0,農,,,10211,土地2建物0車位0,,,其他,,,,0.0,0,0,0,有,無,6360000,3000,,0.0,0
芳苑鄉,房地(土地+建物),彰化縣芳苑鄉民生村11鄰芳漢路王功段286巷1~50號,81.06,,一般農業區,甲種建築用地,10211,土地1建物1車位0,全,002,透天厝,住商用,見其他登記事項,0691226,105.57,3,1,2,有,無,2300000,21786,,0.0,0
埤頭鄉,土地,周厝崙段451~500地號,1361.1,,特定農業區,農牧用地,10212,土地1建物0車位0,,,其他,,,,0.0,0,0,0,有,無,2722196,2000,,0.0,0
埤頭鄉,土地,周厝崙段451~500地號,999.95,,特定農業區,農牧用地,10212,土地1建物0車位0,,,其他,,,,0.0,0,0,0,有,無,1999893,2000,,0.0,0
埔心鄉,土地,羅厝段901~950地號,226.24,住,,,10210,土地1建物0車位0,,,其他,,,,0.0,0,0,0,有,無,2053200,9075,,0.0,0
溪湖鎮,房地(土地+建物),彰化縣溪湖鎮二溪路二段551~600號,66.0,,特定農業區,甲種建築用地,10211,土地1建物1車位0,全,002,透天厝,住商用,加強磚造,0701205,118.08,3,2,2,有,無,2500000,21172,,0.0,0
彰化市,土地,福竹段1~50地號,6.63,,鄉村區,交通用地,10211,土地1建物0車位0,,,其他,,,,0.0,0,0,0,有,無,437977,66060,,0.0,0
伸港鄉,土地,泉州厝段601~650地號,96.0,,鄉村區,乙種建築用地,10211,土地1建物0車位0,,,其他,,,,0.0,0,0,0,有,無,783000,8156,,0.0,0
員林鎮,土地,明倫段401~450地號,346.98,住,,,10209,土地1建物0車位0,,,其他,,,,0.0,0,0,0,有,無,14690000,42337,,0.0,0
永靖鄉,土地,湳墘段551~600地號,277.54,農,,,10211,土地2建物0車位0,,,其他,,,,0.0,0,0,0,有,無,1500000,5405,,0.0,0
永靖鄉,土地,永安段651~700地號,129.37,商,,,10211,土地2建物0車位0,,,其他,,,,0.0,0,0,0,有,無,4200000,32465,,0.0,0
二林鎮,房地(土地+建物),彰化縣二林鎮新城街1~50號,88.49,住,,,10211,土地1建物1車位0,全,002,透天厝,見其他登記事項,鋼筋混凝土造,0700218,110.66,2,2,2,有,無,2200000,19881,,0.0,0
溪州鄉,土地,信義段601~650地號,2970.0,,特定農業區,農牧用地,10211,土地1建物0車位0,,,其他,,,,0.0,0,0,0,有,無,3267000,1100,,0.0,0
溪州鄉,土地,信義段651~700地號,1461.0,,特定農業區,農牧用地,10211,土地1建物0車位0,,,其他,,,,0.0,0,0,0,有,無,1607100,1100,,0.0,0
埔心鄉,土地,新興段451~500地號,1252.68,農,,,10211,土地9建物0車位0,,,其他,,,,0.0,0,0,0,有,無,3720000,2970,,0.0,0
田中鎮,建物,彰化縣田中鎮文中二街1~50號,0.0,,,,10211,土地0建物1車位0,全,003,透天厝,住家用,鋼筋混凝土造,1020805,194.69,4,2,4,有,無,2355000,12096,,0.0,0
田中鎮,土地,香山段1001~1050地號,100.35,,特定農業區,水利用地,10212,土地1建物0車位0,,,其他,,,,0.0,0,0,0,有,無,130448,1300,,0.0,0
員林鎮,土地,三條段601~650地號,159.0,住,,,10210,土地1建物0車位0,,,其他,,,,0.0,0,0,0,有,無,8176575,51425,,0.0,0
員林鎮,土地,豐年段851~900地號,281.87,住,,,10211,土地1建物0車位0,,,其他,,,,0.0,0,0,0,有,無,11100000,39380,,0.0,0
員林鎮,房地(土地+建物),彰化縣員林鎮林森路215巷1~50號,22.77,住,,,10211,土地1建物1車位0,十六層,016,住宅大樓(11層含以上有電梯),見其他登記事項,鋼筋混凝土造,0840821,172.23,4,2,1,有,有,4080000,23689,,0.0,0
員林鎮,房地(土地+建物)+車位,彰化縣員林鎮惠明街301~350號,25.81,住,,,10211,土地2建物1車位1,八層,008,華廈(10層含以下有電梯),住家用,鋼筋混凝土造,0821230,168.46999999999997,3,2,2,有,有,4160000,24693,坡道平面,0.0,0
永靖鄉,土地,永安段651~700地號,281.64,商,,,10211,土地2建物0車位0,,,其他,,,,0.0,0,0,0,有,無,9660000,34299,,0.0,0
大村鄉,房地(土地+建物),彰化縣大村鄉茄苳路一段179巷1~50號,242.11,住,,,10211,土地2建物1車位0,全,002,透天厝,住家用,鋼筋混凝土加強磚造,0680531,130.24,3,2,2,有,無,5000000,38391,,0.0,0
和美鎮,房地(土地+建物),彰化縣和美鎮信安路36巷1~50號,121.95,住,,,10211,土地2建物1車位0,全,003,透天厝,住家用,鋼筋混凝土造,0820403,143.55,2,2,3,有,無,3800000,26472,,0.0,0
鹿港鎮,土地,鹿安段101~150地號,685.88,,特定農業區,農牧用地,10210,土地1建物0車位0,,,其他,,,,0.0,0,0,0,有,無,1783290,2600,,0.0,0
福興鄉,房地(土地+建物),彰化縣福興鄉麥厝街51~100號,75.0,,鄉村區,乙種建築用地,10211,土地1建物1車位0,全,003,透天厝,住家用,鋼筋混凝土造,0841204,139.54,5,1,3,有,無,2550000,18274,,0.0,0
鹿港鎮,土地,鹿和段801~850地號,134.79,住,,,10211,土地2建物0車位0,,,其他,,,,0.0,0,0,0,有,無,4100000,30418,,0.0,0
彰化市,土地,竹中段901~950地號,16.26,,鄉村區,乙種建築用地,10212,土地4建物0車位0,,,其他,,,,0.0,0,0,0,有,無,265593,16334,,0.0,0
秀水鄉,土地,曾厝段951~1000地號,525.0,,特定農業區,農牧用地,10211,土地1建物0車位0,,,其他,,,,0.0,0,0,0,有,無,2236500,4260,,0.0,0
秀水鄉,土地,曾厝段951~1000地號,1499.0,,特定農業區,農牧用地,10211,土地1建物0車位0,,,其他,,,,0.0,0,0,0,有,無,6385740,4260,,0.0,0
和美鎮,房地(土地+建物),彰化縣和美鎮彰草路二段658巷25弄1~50號,75.0,,鄉村區,乙種建築用地,10212,土地1建物1車位0,全,002,透天厝,住家用,加強磚造,0690516,105.42,2,2,1,有,無,3000000,28458,,0.0,0
伸港鄉,土地,伸股段151~200地號,273.8,住,,,10211,土地1建物0車位0,,,其他,,,,0.0,0,0,0,有,無,4803821,17545,,0.0,0
線西鄉,土地,德興段701~750地號,1624.0,,特定農業區,農牧用地,10211,土地1建物0車位0,,,其他,,,,0.0,0,0,0,有,無,5900000,3633,,0.0,0
線西鄉,土地,重光段901~950地號,5395.0,,特定農業區,農牧用地,10211,土地2建物0車位0,,,其他,,,,0.0,0,0,0,有,無,11329500,2100,,0.0,0
和美鎮,土地,大雅段851~900地號,1325.0,,特定農業區,農牧用地,10211,土地1建物0車位0,,,其他,,,,0.0,0,0,0,有,無,5800000,4377,,0.0,0
和美鎮,房地(土地+建物),彰化縣和美鎮中興路二段73巷45弄1~50號,115.89,住,,,10211,土地2建物1車位0,全,002,透天厝,住家用,鋼筋混凝土加強磚造,0670130,112.54,4,2,2,有,無,4500000,39986,,0.0,0
秀水鄉,土地,秀水段401~450地號,181.0,農,,,10212,土地1建物0車位0,,,其他,,,,0.0,0,0,0,有,無,3240000,17901,,0.0,0
彰化市,土地,西勢子段過溝子小段51~100地號,33.0,住,,,10211,土地1建物0車位0,,,其他,,,,0.0,0,0,0,有,無,2300000,69697,,0.0,0
彰化市,土地,西勢子段過溝子小段51~100地號,32.0,住,,,10210,土地1建物0車位0,,,其他,,,,0.0,0,0,0,有,無,1780000,55625,,0.0,0
芬園鄉,土地,民族段1101~1150地號,26.66,住,,,10211,土地1建物0車位0,,,其他,,,,0.0,0,0,0,有,無,282000,10578,,0.0,0
彰化市,房地(土地+建物),彰化縣彰化巿自立街206巷1~50號,13.39,住,,,10211,土地1建物2車位0,四層,008,住宅大樓(11層含以上有電梯),住家用,鋼筋混凝土造,0840824,74.09,3,2,2,有,有,2600000,35092,,0.0,0
彰化市,房地(土地+建物),彰化縣彰化巿中民街14巷1~50號,61.0,住,,,10212,土地2建物1車位0,全,002,透天厝,住家用,鋼筋混凝土加強磚造,0590128,90.75,3,2,1,有,無,3300000,36364,,0.0,0
彰化市,土地,民族段251~300地號,586.0,商,,,10211,土地5建物0車位0,,,其他,,,,0.0,0,0,0,有,無,60000000,102389,,0.0,0
彰化市,房地(土地+建物),彰化縣彰化巿龍山里17鄰中山路二段944巷54弄1~50號,88.0,住,,,10211,土地1建物1車位0,全,003,透天厝,住商用,鋼筋混凝土造,0691013,177.36,3,2,3,有,無,7600000,42851,,0.0,0
