¶mÂí¥«°Ï,¥æ©ö¼Ðªº,¤g¦a°Ï¬q¦ì¸m©Î«Øª«°ÏªùµP,¤g¦a²¾ÂàÁ`­±¿n¥­¤è¤½¤Ø,³£¥«¤g¦a¨Ï¥Î¤À°Ï,«D³£¥«¤g¦a¨Ï¥Î¤À°Ï,«D³£¥«¤g¦a¨Ï¥Î½s©w,¥æ©ö¦~¤ë,¥æ©öµ§´É¼Æ,²¾Âà¼h¦¸,Á`¼Ó¼h¼Æ,«Øª««¬ºA,¥D­n¥Î³~,¥D­n«Ø§÷,«Ø¿v§¹¦¨¦~¤ë,«Øª«²¾ÂàÁ`­±¿n¥­¤è¤½¤Ø,«Øª«²{ªp®æ§½-©Ð,«Øª«²{ªp®æ§½-ÆU,«Øª«²{ªp®æ§½-½Ã,«Øª«²{ªp®æ§½-¹j¶¡,¦³µLºÞ²z²ÕÂ´,Á`»ù¤¸,³æ»ù¨C¥­¤è¤½¤Ø,¨®¦ìÃþ§O,¨®¦ì²¾ÂàÁ`­±¿n¥­¤è¤½¤Ø,¨®¦ìÁ`»ù¤¸
¦µ¤l¥«,©Ð¦a(¤g¦a+«Øª«)+¨®¦ì,¹Å¸q¿¤¦µ¤l¥«¤Í·Rµó18«Ñ1~50¸¹,11.1,¦í,,,10211,¤g¦a1«Øª«1¨®¦ì2,¤C¼h,014,¦í¦v¤j¼Ó(11¼h§t¥H¤W¦³¹q±è),¦í®a¥Î,¿ûµ¬²V¾®¤g³y,0850815,133.85,3,2,2,¦³,¦³,2100000,15689,©Y¹D¾÷±ñ,0.0,0
¦µ¤l¥«,¤g¦a,¥Ã©M¬q1~50¦a¸¹,6.0,¦í,,,10210,¤g¦a1«Øª«0¨®¦ì0,,,¨ä¥L,,,,0.0,0,0,0,¦³,µL,145200,24200,,0.0,0
¥¬³UÂí,¤g¦a,¦Ò¸Õ¼æ¬q³À¦w¤p¬q1~50¦a¸¹,19904.0,,¤@¯ë¹A·~°Ï,¾i´Þ¥Î¦a,10211,¤g¦a3«Øª«0¨®¦ì0,,,¨ä¥L,,,,0.0,0,0,0,¦³,µL,9553920,480,,0.0,0
¤»¸}¶m,©Ð¦a(¤g¦a+«Øª«),¹Å¸q¿¤¤»¸}¶mÆW¤º101~150¸¹,60.74,,¶m§ø°Ï,¤AºØ«Ø¿v¥Î¦a,10211,¤g¦a2«Øª«1¨®¦ì0,¥þ,002,³z¤Ñ­í,¦í®a¥Î,¿ûµ¬²V¾®¤g¥[±j¿j³y,0680701,94.98,3,2,2,¦³,µL,285394,3005,,0.0,0
·s´ä¶m,©Ð¦a(¤g¦a+«Øª«),¹Å¸q¿¤·s´ä¶m¤ë¬Ü§ø1¾F¤ë¬Ü¼æ51~100¸¹,47.3,,¶m§ø°Ï,¤AºØ«Ø¿v¥Î¦a,10211,¤g¦a2«Øª«1¨®¦ì0,¥þ,002,³z¤Ñ­í,¦í®a¥Î,¿ûµ¬²V¾®¤g¥[±j¿j³y,0751028,73.28,2,1,2,¦³,µL,580000,7915,,0.0,0
¥Á¶¯¶m,¤g¦a,¤­½\¤ý¬q1~50¦a¸¹,3430.61,¦í,,,10210,¤g¦a4«Øª«0¨®¦ì0,,,¨ä¥L,,,,0.0,0,0,0,¦³,µL,51983090,15153,,0.0,0
¥Á¶¯¶m,¤g¦a,¤­½\¤ý¬q351~400¦a¸¹,3947.11,¦í,,,10210,¤g¦a1«Øª«0¨®¦ì0,,,¨ä¥L,,,,0.0,0,0,0,¦³,µL,60114485,15230,,0.0,0
¤jªLÂí,¤g¦a,¤¤ªL¬q251~300¦a¸¹,1503.0,,¯S©w¹A·~°Ï,¹Aªª¥Î¦a,10211,¤g¦a1«Øª«0¨®¦ì0,,,¨ä¥L,,,,0.0,0,0,0,¦³,µL,900000,599,,0.0,0
¥Á¶¯¶m,¤g¦a,¦n¦¬¬q¦Ë³ò«á¤p¬q1351~1400¦a¸¹,946.0,,¯S©w¹A·~°Ï,¹Aªª¥Î¦a,10211,¤g¦a1«Øª«0¨®¦ì0,,,¨ä¥L,,,,0.0,0,0,0,¦³,µL,3700000,3911,,0.0,0
¥Á¶¯¶m,¤g¦a,¦è¦w¬q401~450¦a¸¹,478.0,¦í,,,10211,¤g¦a2«Øª«0¨®¦ì0,,,¨ä¥L,,,,0.0,0,0,0,¦³,µL,7956000,16644,,0.0,0
¤ô¤W¶m,¤g¦a,¤Q¤@«ü­í¬q¦`¦è¤p¬q851~900¦a¸¹,3112.0,,¯S©w¹A·~°Ï,¹Aªª¥Î¦a,10211,¤g¦a1«Øª«0¨®¦ì0,,,¨ä¥L,,,,0.0,0,0,0,¦³,µL,3980000,1279,,0.0,0
¤¤®H¶m,©Ð¦a(¤g¦a+«Øª«),¹Å¸q¿¤¤¤®H¶m©M·ü§ø23¾F¤¤µØ¸ô380«Ñ1~50¸¹,67.84,,¯S©w¹A·~°Ï,¥ÒºØ«Ø¿v¥Î¦a,10211,¤g¦a1«Øª«1¨®¦ì0,¥þ,002,³z¤Ñ­í,¦í®a¥Î,¿ûµ¬²V¾®¤g¥[±j¿j³y,0690705,108.83,3,1,3,¦³,µL,3400000,31241,,0.0,0
¤Ó«O¥«,¤g¦a,¹L·¾¬q¹L·¾¤p¬q1051~1100¦a¸¹,495.0,¦í,,,10211,¤g¦a1«Øª«0¨®¦ì0,,,¨ä¥L,,,,0.0,0,0,0,¦³,µL,4790000,9677,,0.0,0
±ö¤s¶m,¤g¦a,¦`ÀY¬q101~150¦a¸¹,136.0,,¶m§ø°Ï,¤AºØ«Ø¿v¥Î¦a,10211,¤g¦a1«Øª«0¨®¦ì0,,,¨ä¥L,,,,0.0,0,0,0,¦³,µL,150000,1103,,0.0,0
±ö¤s¶m,©Ð¦a(¤g¦a+«Øª«),¹Å¸q¿¤±ö¤s¶m±ö¥_§ø·s¿³¸ô251~300¸¹,68.0,°Ó,,,10210,¤g¦a2«Øª«1¨®¦ì0,¥þ,003,³z¤Ñ­í,¦í®a¥Î,¿ûµ¬²V¾®¤g¥[±j¿j³y,0801008,236.51,5,3,3,¦³,µL,1666218,7045,,0.0,0
¦µ¤l¥«,©Ð¦a(¤g¦a+«Øª«),¹Å¸q¿¤¦µ¤l¥«¤j¸¯¨½24¾F¦µªF¤Tµó1~50¸¹,140.66,¦í,,,10211,¤g¦a3«Øª«1¨®¦ì0,¥þ,004,³z¤Ñ­í,¨£¨ä¥Lµn°O¨Æ¶µ,¿ûµ¬²V¾®¤g³y,0960628,189.34,5,2,5,¦³,µL,6500000,34330,,0.0,0
¤ô¤W¶m,¤g¦a,¤Q¤@«ü­í¬qÀs¼w¤p¬q51~100¦a¸¹,2717.0,¹A,,,10211,¤g¦a3«Øª«0¨®¦ì0,,,¨ä¥L,,,,0.0,0,0,0,¦³,µL,14500000,5337,,0.0,0
¤ô¤W¶m,¤g¦a,¤ô«n¬q801~850¦a¸¹,966.94,¦í,,,10211,¤g¦a1«Øª«0¨®¦ì0,,,¨ä¥L,,,,0.0,0,0,0,¦³,µL,8000000,8274,,0.0,0
¤Ó«O¥«,©Ð¦a(¤g¦a+«Øª«),¹Å¸q¿¤¤Ó«OÉ]¥_·s¨½¤¤¤s¸ô¤@¬q228«Ñ30§Ë1~50¸¹,105.78,°Ó,,,10210,¤g¦a2«Øª«1¨®¦ì0,¥þ,003,³z¤Ñ­í,¦í®a¥Î,¿ûµ¬²V¾®¤g³y,0990202,176.6,4,1,4,¦³,µL,5500000,31144,,0.0,0
¤¤®H¶m,¤g¦a,¥Õ¨~®H¬q251~300¦a¸¹,203.0,,¯S©w¹A·~°Ï,¥æ³q¥Î¦a,10211,¤g¦a1«Øª«0¨®¦ì0,,,¨ä¥L,,,,0.0,0,0,0,¦³,µL,251720,1240,,0.0,0
¤¤®H¶m,¤g¦a,¤T¼h±T¬q1~50¦a¸¹,519.0,,¤s©Y¦a«O¨|°Ï,¹Aªª¥Î¦a,10211,¤g¦a2«Øª«0¨®¦ì0,,,¨ä¥L,,,,0.0,0,0,0,¦³,µL,63480,122,,0.0,0
¤ô¤W¶m,©Ð¦a(¤g¦a+«Øª«),¹Å¸q¿¤¤ô¤W¶m¦Û±jµó1~50¸¹,60.39,,¶m§ø°Ï,¤AºØ«Ø¿v¥Î¦a,10211,¤g¦a1«Øª«1¨®¦ì0,¥þ,003,³z¤Ñ­í,¦í®a¥Î,¿ûµ¬²V¾®¤g¥[±j¿j³y,0710812,109.35,4,1,2,¦³,µL,1800000,16461,,0.0,0
¤Ó«O¥«,©Ð¦a(¤g¦a+«Øª«),¹Å¸q¿¤¤Ó«OÉ]³Â¤Ó¸ô51~100¸¹,107.22,¦í,,,10209,¤g¦a2«Øª«1¨®¦ì0,¥þ,003,³z¤Ñ­í,¨£¨ä¥Lµn°O¨Æ¶µ,¿ûµ¬²V¾®¤g³y,1020806,154.08,4,1,3,¦³,µL,5320000,34528,,0.0,0
¦Ë±T¶m,¤g¦a,¥Ë­í®H¬q801~850¦a¸¹,105.0,,¶m§ø°Ï,¤AºØ«Ø¿v¥Î¦a,10211,¤g¦a1«Øª«0¨®¦ì0,,,¨ä¥L,,,,0.0,0,0,0,¦³,µL,280000,2667,,0.0,0
·Ë¤f¶m,¤g¦a,©W³»¬q1251~1300¦a¸¹,19.29,¦í,,,10211,¤g¦a1«Øª«0¨®¦ì0,,,¨ä¥L,,,,0.0,0,0,0,¦³,µL,496331,25730,,0.0,0
¤Ó«O¥«,©Ð¦a(¤g¦a+«Øª«),¹Å¸q¿¤¤Ó«OÉ]¥_·s¨½¤¤¤s¸ô¤@¬q228«Ñ51~100¸¹,86.51,¦í,,,10211,¤g¦a1«Øª«1¨®¦ì0,¥þ,003,³z¤Ñ­í,¦í®a¥Î,¿ûµ¬²V¾®¤g³y,0990202,149.72,4,2,3,¦³,µL,5200000,34731,,0.0,0
¥Á¶¯¶m,¤g¦a,¤­½\¤ý¬q301~350¦a¸¹,460.95,¦í,,,10210,¤g¦a2«Øª«0¨®¦ì0,,,¨ä¥L,,,,0.0,0,0,0,¦³,µL,8710302,18896,,0.0,0
ªü¨½¤s¶m,¤g¦a,¼Ö³¥¬q51~100¦a¸¹,1030.0,,¤s©Y¦a«O¨|°Ï,¹Aªª¥Î¦a,10210,¤g¦a1«Øª«0¨®¦ì0,,,¨ä¥L,,,,0.0,0,0,0,¦³,µL,800000,777,,0.0,0
¤Ó«O¥«,¤g¦a,·s°ñ¬q301~350¦a¸¹,24.0,,,,10211,¤g¦a1«Øª«0¨®¦ì0,,,¨ä¥L,,,,0.0,0,0,0,¦³,µL,160000,6667,,0.0,0
¤ô¤W¶m,¤g¦a,¤U¼d·s¬q251~300¦a¸¹,126.21,,¶m§ø°Ï,¤AºØ«Ø¿v¥Î¦a,10211,¤g¦a1«Øª«0¨®¦ì0,,,¨ä¥L,,,,0.0,0,0,0,¦³,µL,2000000,15847,,0.0,0
¤¤®H¶m,¤g¦a,¬c¤l¦v¬q51~100¦a¸¹,577.0,,¤s©Y¦a«O¨|°Ï,¼È¥¼½s©w,10210,¤g¦a1«Øª«0¨®¦ì0,,,¨ä¥L,,,,0.0,0,0,0,¦³,µL,150000,260,,0.0,0
³À¯ó¶m,¤g¦a,³À¦è¬q551~600¦a¸¹,327.49,¹A,,,10211,¤g¦a1«Øª«0¨®¦ì0,,,¨ä¥L,,,,0.0,0,0,0,¦³,µL,655590,2002,,0.0,0
³À¯ó¶m,¤g¦a,³Â¨§©±¬q¤U³Â¤p¬q401~450¦a¸¹,280.0,,¯S©w¹A·~°Ï,¹Aªª¥Î¦a,10211,¤g¦a1«Øª«0¨®¦ì0,,,¨ä¥L,,,,0.0,0,0,0,¦³,µL,250000,893,,0.0,0
¤¤®H¶m,¤g¦a,¥ÛŽö¬q1~50¦a¸¹,1122.62,,¤s©Y¦a«O¨|°Ï,ªL·~¥Î¦a,10211,¤g¦a1«Øª«0¨®¦ì0,,,¨ä¥L,,,,0.0,0,0,0,¦³,µL,60000,53,,0.0,0
¤jªLÂí,©Ð¦a(¤g¦a+«Øª«),¹Å¸q¿¤¤jªLÂí·s¿³µó104«Ñ10§Ë1~50¸¹,124.5,¦í,,,10211,¤g¦a1«Øª«1¨®¦ì0,¥þ,004,³z¤Ñ­í,¦í°Ó¥Î,¿ûµ¬²V¾®¤g³y,0850315,405.53,5,2,3,¦³,µL,8000000,19727,,0.0,0
¤jªLÂí,¤g¦a,¤¤§|¬q¤¤§|¤p¬q101~150¦a¸¹,2391.0,,¯S©w±M¥Î°Ï,¹Aªª¥Î¦a,10211,¤g¦a1«Øª«0¨®¦ì0,,,¨ä¥L,,,,0.0,0,0,0,¦³,µL,3112550,1302,,0.0,0
¤Ó«O¥«,©Ð¦a(¤g¦a+«Øª«),¹Å¸q¿¤¤Ó«OÉ]ªF¶Õ¨½«H¸q¤G¸ô151~200¸¹,108.84,¦í,,,10211,¤g¦a8«Øª«3¨®¦ì0,¥þ,004,³z¤Ñ­í,¨£¨ä¥Lµn°O¨Æ¶µ,¿ûµ¬²V¾®¤g³y,0960929,158.27,4,2,4,¦³,¦³,5000000,31592,,0.0,0
¤Ó«O¥«,¤g¦a,ªF¶Õ¼d¬q301~350¦a¸¹,166.5,¦í,,,10211,¤g¦a3«Øª«0¨®¦ì0,,,¨ä¥L,,,,0.0,0,0,0,¦³,µL,730000,4384,,0.0,0
¤ô¤W¶m,¤g¦a,¤U¶î·¾¬q­«¹º¤p¬q1~50¦a¸¹,1800.0,,¯S©w¹A·~°Ï,¹Aªª¥Î¦a,10211,¤g¦a1«Øª«0¨®¦ì0,,,¨ä¥L,,,,0.0,0,0,0,¦³,µL,1300000,722,,0.0,0
¤Ó«O¥«,¤g¦a,¥Ð§À¬q51~100¦a¸¹,281.35,,¶m§ø°Ï,¤AºØ«Ø¿v¥Î¦a,10211,¤g¦a1«Øª«0¨®¦ì0,,,¨ä¥L,,,,0.0,0,0,0,¦³,µL,590844,2100,,0.0,0
¤Ó«O¥«,¤g¦a,¥Ð§À¬q51~100¦a¸¹,184.88,,¶m§ø°Ï,¤AºØ«Ø¿v¥Î¦a,10211,¤g¦a1«Øª«0¨®¦ì0,,,¨ä¥L,,,,0.0,0,0,0,¦³,µL,388238,2100,,0.0,0
¥Á¶¯¶m,©Ð¦a(¤g¦a+«Øª«)+¨®¦ì,¹Å¸q¿¤¥Á¶¯¶m¥_¤æ§ø36¾F·s¥¿¤­µó51~100¸¹,44.6,,¶m§ø°Ï,¤AºØ«Ø¿v¥Î¦a,10211,¤g¦a1«Øª«1¨®¦ì1,¤T¼h,005,¤½´J(5¼Ó§t¥H¤UµL¹q±è),¨£¨ä¥Lµn°O¨Æ¶µ,¿ûµ¬²V¾®¤g³y,0910725,148.73,3,2,2,¦³,¦³,1880000,12640,©Y¹D¥­­±,0.0,0
¥Á¶¯¶m,¤g¦a,¤­½\¤ý¬q301~350¦a¸¹,451.27,¦í,,,10211,¤g¦a2«Øª«0¨®¦ì0,,,¨ä¥L,,,,0.0,0,0,0,¦³,µL,7965531,17651,,0.0,0
¤»¸}¶m,¤g¦a,Âù²[¬qÂù²[¤p¬q801~850¦a¸¹,2820.0,,¯S©w¹A·~°Ï,¹Aªª¥Î¦a,10211,¤g¦a1«Øª«0¨®¦ì0,,,¨ä¥L,,,,0.0,0,0,0,¦³,µL,2900000,1028,,0.0,0
¥¬³UÂí,¤g¦a,·ËáY¬q·ËáY¤p¬q401~450¦a¸¹,5212.0,,¤@¯ë¹A·~°Ï,¹Aªª¥Î¦a,10211,¤g¦a2«Øª«0¨®¦ì0,,,¨ä¥L,,,,0.0,0,0,0,¦³,µL,3387800,650,,0.0,0
¸q¦Ë¶m,¤g¦a,·Ë¬w¬q·Ë¬w¤p¬q201~250¦a¸¹,5161.0,,¯S©w¹A·~°Ï,¹Aªª¥Î¦a,10211,¤g¦a1«Øª«0¨®¦ì0,,,¨ä¥L,,,,0.0,0,0,0,¦³,µL,3509480,680,,0.0,0
¸q¦Ë¶m,¤g¦a,·Ë¬w¬q¤W·Ë¤p¬q651~700¦a¸¹,2766.0,,¯S©w¹A·~°Ï,¹Aªª¥Î¦a,10211,¤g¦a1«Øª«0¨®¦ì0,,,¨ä¥L,,,,0.0,0,0,0,¦³,µL,1908540,690,,0.0,0
¥Á¶¯¶m,¤g¦a,Â×¦¬¬q1151~1200¦a¸¹,158.32,,¶m§ø°Ï,¤AºØ«Ø¿v¥Î¦a,10211,¤g¦a1«Øª«0¨®¦ì0,,,¨ä¥L,,,,0.0,0,0,0,¦³,µL,2000000,12633,,0.0,0
¥Á¶¯¶m,¤g¦a,Âù´©¬q351~400¦a¸¹,1540.0,,¯S©w¹A·~°Ï,¹Aªª¥Î¦a,10211,¤g¦a1«Øª«0¨®¦ì0,,,¨ä¥L,,,,0.0,0,0,0,¦³,µL,1232000,800,,0.0,0
¥Á¶¯¶m,©Ð¦a(¤g¦a+«Øª«),¹Å¸q¿¤¥Á¶¯¶mºÖ¼Ö§ø¥ú©úµó251~300¸¹,82.5,¦í,,,10211,¤g¦a1«Øª«1¨®¦ì0,¥þ,003,³z¤Ñ­í,¦í®a¥Î,¿ûµ¬²V¾®¤g³y,0820426,181.36,4,2,3,¦³,µL,4100000,22607,,0.0,0
·s´ä¶m,©Ð¦a(¤g¦a+«Øª«),¹Å¸q¿¤·s´ä¶m¥j¥Á§ø¤¤¥¿¸ô274«Ñ1~50¸¹,176.33,¦í,,,10211,¤g¦a9«Øª«1¨®¦ì0,¥þ,003,³z¤Ñ­í,¦í®a¥Î,¿ûµ¬²V¾®¤g³y,1020704,185.4,4,3,4,¦³,µL,6600000,35599,,0.0,0
¤jªLÂí,¤g¦a,¤¤§|¬q51~100¦a¸¹,5393.0,,¤@¯ë¹A·~°Ï,¹Aªª¥Î¦a,10211,¤g¦a1«Øª«0¨®¦ì0,,,¨ä¥L,,,,0.0,0,0,0,¦³,µL,3650000,677,,0.0,0
¤jªLÂí,©Ð¦a(¤g¦a+«Øª«),¹Å¸q¿¤¤jªLÂí¥­ªL¨½17¾F¥Á±Ú¸ô1~50¸¹,58.94,¦í,,,10211,¤g¦a1«Øª«1¨®¦ì0,¤T¼h,005,¤½´J(5¼Ó§t¥H¤UµL¹q±è),°ê¥Á¦í¦v,¿ûµ¬²V¾®¤g³y,0851115,102.09,3,2,2,¦³,µL,3000000,29386,,0.0,0
¥Á¶¯¶m,©Ð¦a(¤g¦a+«Øª«),¹Å¸q¿¤¥Á¶¯¶m¥_¤æ§ø24¾F¥ú©úµó501~550¸¹,72.0,¦í,,,10211,¤g¦a1«Øª«1¨®¦ì0,¥þ,003,³z¤Ñ­í,¦í®a¥Î,¿ûµ¬²V¾®¤g³y,0970519,161.27,5,2,3,¦³,µL,5700000,35344,,0.0,0
¥Á¶¯¶m,©Ð¦a(¤g¦a+«Øª«),¹Å¸q¿¤¥Á¶¯¶mª÷¿³§ø´f¦wµó32«Ñ1~50¸¹,101.64,¦í,,,10211,¤g¦a2«Øª«1¨®¦ì0,¥þ,002,³z¤Ñ­í,¦í®a¥Î,¿ûµ¬²V¾®¤g¥[±j¿j³y,0701229,111.71,4,2,2,¦³,µL,1950000,17456,,0.0,0
¤Ó«O¥«,¤g¦a,·s°ñ¬q·s°ñ¤p¬q251~300¦a¸¹,653.0,,¯S©w¹A·~°Ï,¥ÒºØ«Ø¿v¥Î¦a,10211,¤g¦a1«Øª«0¨®¦ì0,,,¨ä¥L,,,,0.0,0,0,0,¦³,µL,5135486,7864,,0.0,0
¤Ó«O¥«,¤g¦a,·s°ñ¬q·s°ñ¤p¬q251~300¦a¸¹,911.0,,¯S©w¹A·~°Ï,¥ÒºØ«Ø¿v¥Î¦a,10211,¤g¦a1«Øª«0¨®¦ì0,,,¨ä¥L,,,,0.0,0,0,0,¦³,µL,7164514,7864,,0.0,0
¤ô¤W¶m,¤g¦a,¤¤ÉÜ¬q1851~1900¦a¸¹,73.09,,¶m§ø°Ï,¤AºØ«Ø¿v¥Î¦a,10211,¤g¦a1«Øª«0¨®¦ì0,,,¨ä¥L,,,,0.0,0,0,0,¦³,µL,350000,4789,,0.0,0
¤Ó«O¥«,©Ð¦a(¤g¦a+«Øª«),¹Å¸q¿¤¤Ó«OÉ]ªF¶Õ¨½«H¸q¤G¸ô151~200¸¹,108.84,¦í,,,10211,¤g¦a8«Øª«3¨®¦ì0,¥þ,004,³z¤Ñ­í,¨£¨ä¥Lµn°O¨Æ¶µ,¿ûµ¬²V¾®¤g³y,0960929,158.27,4,2,4,¦³,¦³,5000000,31592,,0.0,0
¤ô¤W¶m,©Ð¦a(¤g¦a+«Øª«),¹Å¸q¿¤¤ô¤W¶m¼e¤h§ø±T¤lÀY1~50¸¹,83.36,,¶m§ø°Ï,¤AºØ«Ø¿v¥Î¦a,10211,¤g¦a1«Øª«1¨®¦ì0,¥þ,002,³z¤Ñ­í,¦í®a¥Î,¿ûµ¬²V¾®¤g¥[±j¿j³y,0701110,102.58,3,2,2,¦³,µL,800000,7799,,0.0,0
¤Ó«O¥«,©Ð¦a(¤g¦a+«Øª«),¹Å¸q¿¤¤Ó«OÉ]¥_·s¨½¤¤¤s¸ô¤@¬q650«Ñ65§Ë1~50¸¹,104.98,¦í,,,10211,¤g¦a1«Øª«1¨®¦ì0,¥þ,003,³z¤Ñ­í,¦í®a¥Î,¿ûµ¬²V¾®¤g³y,0881229,176.31,6,2,4,¦³,µL,6600000,37434,,0.0,0
³À¯ó¶m,¤g¦a,³À¯ó¬q³ÀªF¤p¬q1251~1300¦a¸¹,4314.0,,¯S©w¹A·~°Ï,¹Aªª¥Î¦a,10211,¤g¦a1«Øª«0¨®¦ì0,,,¨ä¥L,,,,0.0,0,0,0,¦³,µL,6384720,1480,,0.0,0
¤ô¤W¶m,©Ð¦a(¤g¦a+«Øª«),¹Å¸q¿¤¤ô¤W¶m¤U¼d§ø10¾F¤U¼d1~50¸¹,104.99,,¯S©w¹A·~°Ï,¥ÒºØ«Ø¿v¥Î¦a,10211,¤g¦a1«Øª«1¨®¦ì0,¥þ,004,³z¤Ñ­í,¦í®a¥Î,¿ûµ¬²V¾®¤g³y,0820422,186.9,4,3,3,¦³,µL,3200000,17121,,0.0,0
¤¤®H¶m,©Ð¦a(¤g¦a+«Øª«),¹Å¸q¿¤¤¤®H¶m©M¬ü§ø¤j¸q¸ô375«Ñ1§Ë1~50¸¹,101.98,¦í,,,10211,¤g¦a2«Øª«1¨®¦ì0,¥þ,002,³z¤Ñ­í,¦í©Ð,¥[±j¿j³y,0721005,118.18,3,2,2,¦³,µL,1100000,9308,,0.0,0
¦Ë±T¶m,¤g¦a,·à¤lÀY¬q551~600¦a¸¹,1411.0,,¤@¯ë¹A·~°Ï,¹Aªª¥Î¦a,10211,¤g¦a1«Øª«0¨®¦ì0,,,¨ä¥L,,,,0.0,0,0,0,¦³,µL,945370,670,,0.0,0
¤Ó«O¥«,©Ð¦a(¤g¦a+«Øª«),¹Å¸q¿¤¤Ó«OÉ]¦X¼w·s§ø21«Ñ251~300¸¹,120.43,¦í,,,10211,¤g¦a4«Øª«1¨®¦ì0,¥þ,003,³z¤Ñ­í,¶°¦X¦í¦v,¿ûµ¬²V¾®¤g³y,1020118,179.16,4,1,4,¦³,µL,5580000,31145,,0.0,0
¤ô¤W¶m,¤g¦a,¼e¤h¬q51~100¦a¸¹,17.86,,¶m§ø°Ï,¤AºØ«Ø¿v¥Î¦a,10211,¤g¦a1«Øª«0¨®¦ì0,,,¨ä¥L,,,,0.0,0,0,0,¦³,µL,125000,6999,,0.0,0
¤ô¤W¶m,¤g¦a,²Ê·Ë¬q²Ê·Ë¤p¬q251~300¦a¸¹,1241.0,¹A,,,10211,¤g¦a1«Øª«0¨®¦ì0,,,¨ä¥L,,,,0.0,0,0,0,¦³,µL,1241000,1000,,0.0,0
¤ô¤W¶m,¤g¦a,²Ê·Ë¬q²Ê·Ë¤p¬q101~150¦a¸¹,3842.0,,¯S©w¹A·~°Ï,¹Aªª¥Î¦a,10211,¤g¦a1«Øª«0¨®¦ì0,,,¨ä¥L,,,,0.0,0,0,0,¦³,µL,8134000,2117,,0.0,0
µf¸ô¶m,¤g¦a,¤½¥Ð¬q101~150¦a¸¹,1000.0,,´ËªL°Ï,ªL·~¥Î¦a,10211,¤g¦a1«Øª«0¨®¦ì0,,,¨ä¥L,,,,0.0,0,0,0,¦³,µL,78000,78,,0.0,0
¦Ë±T¶m,¤g¦a,ÆW¾ô¬q101~150¦a¸¹,2197.0,,¤s©Y¦a«O¨|°Ï,ªL·~¥Î¦a,10211,¤g¦a2«Øª«0¨®¦ì0,,,¨ä¥L,,,,0.0,0,0,0,¦³,µL,750000,341,,0.0,0
µf¸ô¶m,¤g¦a,µf¸ô¬q351~400¦a¸¹,330.0,,,,10211,¤g¦a1«Øª«0¨®¦ì0,,,¨ä¥L,,,,0.0,0,0,0,¦³,µL,1070000,3242,,0.0,0
³À¯ó¶m,¤g¦a,¤U¼æ¬q¤U¼æ¤p¬q51~100¦a¸¹,3588.0,,¯S©w¹A·~°Ï,¹Aªª¥Î¦a,10211,¤g¦a2«Øª«0¨®¦ì0,,,¨ä¥L,,,,0.0,0,0,0,¦³,µL,1471080,410,,0.0,0
·Ë¤f¶m,¤g¦a,¥»ÆU¬q¥»ÆU¤p¬q451~500¦a¸¹,4941.0,,¯S©w¹A·~°Ï,¹Aªª¥Î¦a,10211,¤g¦a2«Øª«0¨®¦ì0,,,¨ä¥L,,,,0.0,0,0,0,¦³,µL,4446900,900,,0.0,0
¤jªLÂí,¤g¦a,·s¤j®H¬ü¬q751~800¦a¸¹,2379.24,,¤@¯ë¹A·~°Ï,¹Aªª¥Î¦a,10211,¤g¦a2«Øª«0¨®¦ì0,,,¨ä¥L,,,,0.0,0,0,0,¦³,µL,1200000,504,,0.0,0
¤jªLÂí,¤g¦a,·s¤j®H¬ü¬q551~600¦a¸¹,324.57,,¤@¯ë¹A·~°Ï,¹Aªª¥Î¦a,10211,¤g¦a1«Øª«0¨®¦ì0,,,¨ä¥L,,,,0.0,0,0,0,¦³,µL,250000,770,,0.0,0
¤¤®H¶m,©Ð¦a(¤g¦a+«Øª«),¹Å¸q¿¤¤¤®H¶m´I¦¬§øÉÜ¤º1~50¸¹,93.38,,¶m§ø°Ï,¤AºØ«Ø¿v¥Î¦a,10211,¤g¦a4«Øª«1¨®¦ì0,¥þ,003,³z¤Ñ­í,¨£¨ä¥Lµn°O¨Æ¶µ,¿ûµ¬²V¾®¤g³y,1020416,161.46,4,2,3,¦³,µL,5800000,35922,,0.0,0
³À¯ó¶m,¤g¦a,³À¦è¬q551~600¦a¸¹,193.18,°Ó,,,10211,¤g¦a1«Øª«0¨®¦ì0,,,¨ä¥L,,,,0.0,0,0,0,¦³,µL,4110870,21280,,0.0,0
¤Ó«O¥«,¤g¦a,¹L·¾¬q¤u·~¤p¬q1~50¦a¸¹,6311.0,¤u,,,10211,¤g¦a1«Øª«0¨®¦ì0,,,¨ä¥L,,,,0.0,0,0,0,¦³,µL,53454170,8470,,0.0,0
¦Ë±T¶m,¤g¦a,¤­¶¡­í¬q1~50¦a¸¹,540.08,,¤@¯ë¹A·~°Ï,¥ÒºØ«Ø¿v¥Î¦a,10211,¤g¦a1«Øª«0¨®¦ì0,,,¨ä¥L,,,,0.0,0,0,0,¦³,µL,480000,889,,0.0,0
¦Ë±T¶m,¤g¦a,¤½À]¬q151~200¦a¸¹,3000.0,,¤s©Y¦a«O¨|°Ï,¹Aªª¥Î¦a,10211,¤g¦a1«Øª«0¨®¦ì0,,,¨ä¥L,,,,0.0,0,0,0,¦³,µL,2080000,693,,0.0,0
¤¤®H¶m,©Ð¦a(¤g¦a+«Øª«),¹Å¸q¿¤¤¤®H¶m©M¬ü§ø¥q¤½³¡1~50¸¹,144.21,,¶m§ø°Ï,¤AºØ«Ø¿v¥Î¦a,10211,¤g¦a1«Øª«1¨®¦ì0,¥þ,003,³z¤Ñ­í,¨£¨ä¥Lµn°O¨Æ¶µ,¿ûµ¬²V¾®¤g³y,1021014,200.38,4,2,3,¦³,µL,6200000,30941,,0.0,0
¤¤®H¶m,©Ð¦a(¤g¦a+«Øª«),¹Å¸q¿¤¤¤®H¶m©M¬ü§ø¥q¤½³¡1~50¸¹,130.81,,¶m§ø°Ï,¤AºØ«Ø¿v¥Î¦a,10211,¤g¦a1«Øª«1¨®¦ì0,¥þ,003,³z¤Ñ­í,¨£¨ä¥Lµn°O¨Æ¶µ,¿ûµ¬²V¾®¤g³y,1021014,210.33,4,2,4,¦³,µL,7800000,37085,,0.0,0
¤¤®H¶m,©Ð¦a(¤g¦a+«Øª«),¹Å¸q¿¤¤¤®H¶m©M¬ü§ø¥q¤½³¡1~50¸¹,161.68,,¶m§ø°Ï,¤AºØ«Ø¿v¥Î¦a,10211,¤g¦a4«Øª«1¨®¦ì0,¥þ,003,³z¤Ñ­í,¨£¨ä¥Lµn°O¨Æ¶µ,¿ûµ¬²V¾®¤g³y,1021014,204.02,4,2,3,¦³,µL,5800000,28429,,0.0,0
¤¤®H¶m,©Ð¦a(¤g¦a+«Øª«),¹Å¸q¿¤¤¤®H¶m©M¬ü§ø¥q¤½³¡1~50¸¹,116.54,,¶m§ø°Ï,¤AºØ«Ø¿v¥Î¦a,10211,¤g¦a4«Øª«1¨®¦ì0,¥þ,003,³z¤Ñ­í,¨£¨ä¥Lµn°O¨Æ¶µ,¿ûµ¬²V¾®¤g³y,1021014,181.08,4,2,3,¦³,µL,5480000,30263,,0.0,0
¤¤®H¶m,©Ð¦a(¤g¦a+«Øª«),¹Å¸q¿¤¤¤®H¶m©M¬ü§ø¥q¤½³¡1~50¸¹,121.48,,¶m§ø°Ï,¤AºØ«Ø¿v¥Î¦a,10211,¤g¦a4«Øª«1¨®¦ì0,¥þ,003,³z¤Ñ­í,¨£¨ä¥Lµn°O¨Æ¶µ,¿ûµ¬²V¾®¤g³y,1021014,91.22,4,2,3,¦³,µL,6000000,65775,,0.0,0
¤¤®H¶m,©Ð¦a(¤g¦a+«Øª«),¹Å¸q¿¤¤¤®H¶m©M¬ü§ø¥q¤½³¡1~50¸¹,141.98,,¶m§ø°Ï,¤AºØ«Ø¿v¥Î¦a,10211,¤g¦a4«Øª«1¨®¦ì0,¥þ,003,³z¤Ñ­í,¨£¨ä¥Lµn°O¨Æ¶µ,¿ûµ¬²V¾®¤g³y,1021014,181.01,4,2,3,¦³,µL,6000000,33147,,0.0,0
¤ô¤W¶m,©Ð¦a(¤g¦a+«Øª«),¹Å¸q¿¤¤ô¤W¶m¼e¤h§ø±T¤lÀY1~50¸¹,111.88,,¶m§ø°Ï,¤AºØ«Ø¿v¥Î¦a,10212,¤g¦a1«Øª«1¨®¦ì0,¥þ,003,³z¤Ñ­í,¨£¨ä¥Lµn°O¨Æ¶µ,¿ûµ¬²V¾®¤g³y,1020926,192.43,4,3,5,¦³,µL,5670000,29465,,0.0,0
¤ô¤W¶m,©Ð¦a(¤g¦a+«Øª«),¹Å¸q¿¤¤ô¤W¶m¼e¤h§ø±T¤lÀY1~50¸¹,101.12,,¶m§ø°Ï,¤AºØ«Ø¿v¥Î¦a,10212,¤g¦a1«Øª«1¨®¦ì0,¥þ,003,³z¤Ñ­í,¨£¨ä¥Lµn°O¨Æ¶µ,¿ûµ¬²V¾®¤g³y,1020926,189.18,4,3,5,¦³,µL,6000000,31716,,0.0,0
¤¤®H¶m,©Ð¦a(¤g¦a+«Øª«),¹Å¸q¿¤¤¤®H¶m©M¬ü§ø«áÉÜ151~200¸¹,92.75,¦í,,,10211,¤g¦a1«Øª«1¨®¦ì0,¥þ,004,³z¤Ñ­í,¦í®a¥Î,¿ûµ¬²V¾®¤g³y,0880915,190.75,4,2,4,¦³,µL,6600000,34600,,0.0,0
³À¯ó¶m,¤g¦a,¤U¼æ¬q¥ú¼æ¤p¬q751~800¦a¸¹,2229.0,,¯S©w¹A·~°Ï,¹Aªª¥Î¦a,10211,¤g¦a1«Øª«0¨®¦ì0,,,¨ä¥L,,,,0.0,0,0,0,¦³,µL,700000,314,,0.0,0
¤ô¤W¶m,¤g¦a,¤U¼d·s¬q1251~1300¦a¸¹,218.0,,¯S©w¹A·~°Ï,¹Aªª¥Î¦a,10211,¤g¦a1«Øª«0¨®¦ì0,,,¨ä¥L,,,,0.0,0,0,0,¦³,µL,130000,596,,0.0,0
·s´ä¶m,¤g¦a,µf±C¬q¦w©M¤p¬q901~950¦a¸¹,2427.0,,¯S©w¹A·~°Ï,¹Aªª¥Î¦a,10211,¤g¦a1«Øª«0¨®¦ì0,,,¨ä¥L,,,,0.0,0,0,0,¦³,µL,1941600,800,,0.0,0
¸q¦Ë¶m,¤g¦a,¸q¦Ë¬q¸q¦Ë¤p¬q1101~1150¦a¸¹,1471.5,,¯S©w¹A·~°Ï,¹Aªª¥Î¦a,10211,¤g¦a1«Øª«0¨®¦ì0,,,¨ä¥L,,,,0.0,0,0,0,¦³,µL,1250775,850,,0.0,0
¤»¸}¶m,¤g¦a,¤¤ÉÜ¬q701~750¦a¸¹,418.02,,¤@¯ë¹A·~°Ï,¤ô§Q¥Î¦a,6808,¤g¦a2«Øª«0¨®¦ì0,,,¨ä¥L,,,,0.0,0,0,0,¦³,µL,8158,20,,0.0,0
¤¤®H¶m,©Ð¦a(¤g¦a+«Øª«),¹Å¸q¿¤¤¤®H¶mªZ¼wµó61«Ñ42§Ë1~50¸¹,89.23,¦í,,,10211,¤g¦a2«Øª«1¨®¦ì0,¥þ,002,³z¤Ñ­í,¦í°Ó¥Î,¿ûµ¬²V¾®¤g¥[±j¿j³y,0680929,93.93,3,1,2,¦³,µL,3900000,41520,,0.0,0
¤¤®H¶m,¤g¦a,ÆW¼æ¤l¬q351~400¦a¸¹,400.0,,¤s©Y¦a«O¨|°Ï,¹Aªª¥Î¦a,10211,¤g¦a1«Øª«0¨®¦ì0,,,¨ä¥L,,,,0.0,0,0,0,¦³,µL,30000,75,,0.0,0
¤¤®H¶m,¤g¦a,¦ËÀY±T¬q101~150¦a¸¹,33.0,,¤s©Y¦a«O¨|°Ï,ªL·~¥Î¦a,10211,¤g¦a1«Øª«0¨®¦ì0,,,¨ä¥L,,,,0.0,0,0,0,¦³,µL,3500,106,,0.0,0
¤jªLÂí,¤g¦a,¤ôÀY¬q1551~1600¦a¸¹,758.08,,¶m§ø°Ï,¤AºØ«Ø¿v¥Î¦a,10211,¤g¦a1«Øª«0¨®¦ì0,,,¨ä¥L,,,,0.0,0,0,0,¦³,µL,3500000,4617,,0.0,0
¤Ó«O¥«,©Ð¦a(¤g¦a+«Øª«),¹Å¸q¿¤¤Ó«OÉ]«á¼æ¨½«á¼æ451~500¸¹,85.49,¦í,,,10211,¤g¦a1«Øª«1¨®¦ì0,¥þ,003,³z¤Ñ­í,¦í®a¥Î,¿ûµ¬²V¾®¤g³y,0820517,172.12,4,2,3,¦³,µL,1980000,11504,,0.0,0
¤Ó«O¥«,¤g¦a,«n·s¬q901~950¦a¸¹,1131.07,¹A,,,10210,¤g¦a1«Øª«0¨®¦ì0,,,¨ä¥L,,,,0.0,0,0,0,¦³,µL,1470000,1300,,0.0,0
¤Ó«O¥«,©Ð¦a(¤g¦a+«Øª«),¹Å¸q¿¤¤Ó«OÉ]³Â¼d¨½17¾F¤¤¤s¸ô¤G¬q1~50¸¹,75.82,¦í,,,10211,¤g¦a2«Øª«1¨®¦ì0,¥þ,003,³z¤Ñ­í,¦í®a¥Î,¿ûµ¬²V¾®¤g³y,0840624,144.15,3,1,2,¦³,µL,2600000,18037,,0.0,0
¤Ó«O¥«,©Ð¦a(¤g¦a+«Øª«),¹Å¸q¿¤¤Ó«OÉ]³Â¼d¨½¥Á¥Í¸ô90«Ñ87§Ë1~50¸¹,84.96,¦í,,,10210,¤g¦a2«Øª«1¨®¦ì0,¥þ,003,³z¤Ñ­í,¦í®a¥Î,¿ûµ¬²V¾®¤g³y,0841111,142.56,4,2,3,¦³,µL,2700000,18939,,0.0,0
¤ô¤W¶m,¤g¦a,¤û¸Y®H¬q201~250¦a¸¹,4560.0,,¤@¯ë¹A·~°Ï,¹Aªª¥Î¦a,10210,¤g¦a1«Øª«0¨®¦ì0,,,¨ä¥L,,,,0.0,0,0,0,¦³,µL,1000000,219,,0.0,0
¥Á¶¯¶m,©Ð¦a(¤g¦a+«Øª«),¹Å¸q¿¤¥Á¶¯¶m¥_¤æ§ø¥_¶Õ¤l51~100¸¹,84.35,¦í,,,10211,¤g¦a3«Øª«1¨®¦ì0,¥þ,004,³z¤Ñ­í,¦í®a¥Î,¿ûµ¬²V¾®¤g³y,0991224,161.04,4,2,3,¦³,µL,5000000,31048,,0.0,0
·Ë¤f¶m,©Ð¦a(¤g¦a+«Øª«),¹Å¸q¿¤·Ë¤f¶mÅ|·Ë§ø3¾F¤U­ûªL201~250¸¹,114.0,,¶m§ø°Ï,¤AºØ«Ø¿v¥Î¦a,10211,¤g¦a1«Øª«1¨®¦ì0,¥þ,001,³z¤Ñ­í,¦í®a¥Î,¨£¨ä¥Lµn°O¨Æ¶µ,0711006,66.75,5,2,3,¦³,µL,1500000,22472,,0.0,0
¤jªLÂí,©Ð¦a(¤g¦a+«Øª«),¹Å¸q¿¤¤jªLÂí¤T©M¨½10¾F¤ô¸P1~50¸¹,115.34,,¶m§ø°Ï,¤AºØ«Ø¿v¥Î¦a,10211,¤g¦a1«Øª«1¨®¦ì0,¥þ,003,³z¤Ñ­í,¦í®a¥Î,¿ûµ¬²V¾®¤g³y,0820323,151.5,5,2,2,¦³,µL,2900000,19142,,0.0,0
¥Á¶¯¶m,©Ð¦a(¤g¦a+«Øª«),¹Å¸q¿¤¥Á¶¯¶m¥ú©ú¤Gµó301~350¸¹,72.0,¦í,,,10210,¤g¦a1«Øª«1¨®¦ì0,¥þ,004,³z¤Ñ­í,¨£¨ä¥Lµn°O¨Æ¶µ,¿ûµ¬²V¾®¤g³y,0821028,163.7,5,1,4,¦³,µL,3950000,24130,,0.0,0
¥Á¶¯¶m,©Ð¦a(¤g¦a+«Øª«),¹Å¸q¿¤¥Á¶¯¶m¤¤¼Ö§ø«O¥Íµó1~50¸¹,84.0,¦í,,,10211,¤g¦a1«Øª«1¨®¦ì0,¥þ,004,³z¤Ñ­í,¦í°Ó¥Î,¿ûµ¬²V¾®¤g³y,0801211,210.5,5,1,4,¦³,µL,5750000,27316,,0.0,0
·s´ä¶m,¤g¦a,¤ë¬Ü¼æ¬q¤ë¼æ¤p¬q251~300¦a¸¹,1426.0,,¯S©w¹A·~°Ï,¹Aªª¥Î¦a,10211,¤g¦a1«Øª«0¨®¦ì0,,,¨ä¥L,,,,0.0,0,0,0,¦³,µL,1782500,1250,,0.0,0
¥Á¶¯¶m,©Ð¦a(¤g¦a+«Øª«),¹Å¸q¿¤¥Á¶¯¶m¦è¦w§ø20¾F¦w©M¸ô1~50¸¹,42.08,¦í,,,10211,¤g¦a1«Øª«1¨®¦ì0,¤C¼h¡A¤K¼h,008,µØ·H(10¼h§t¥H¤U¦³¹q±è),¨£¨ä¥Lµn°O¨Æ¶µ,¿ûµ¬²V¾®¤g³y,0850517,151.15,5,3,3,¦³,¦³,4160000,27522,,0.0,0
·s´ä¶m,¤g¦a,·s¤ë¬Ü¼æ¬q951~1000¦a¸¹,152.08,,¶m§ø°Ï,¤AºØ«Ø¿v¥Î¦a,10211,¤g¦a1«Øª«0¨®¦ì0,,,¨ä¥L,,,,0.0,0,0,0,¦³,µL,4600420,30250,,0.0,0
¸q¦Ë¶m,¤g¦a,¦w·Ë¼d¬q¥­·Ë¤p¬q301~350¦a¸¹,1996.0,,¯S©w¹A·~°Ï,¹Aªª¥Î¦a,10211,¤g¦a1«Øª«0¨®¦ì0,,,¨ä¥L,,,,0.0,0,0,0,¦³,µL,1400000,701,,0.0,0
¦µ¤l¥«,¤g¦a,¤U¦Ë³ò¬q¨Î¥Ý¤p¬q451~500¦a¸¹,2349.0,¹A,,,10211,¤g¦a1«Øª«0¨®¦ì0,,,¨ä¥L,,,,0.0,0,0,0,¦³,µL,3600000,1533,,0.0,0
¦µ¤l¥«,©Ð¦a(¤g¦a+«Øª«),¹Å¸q¿¤¦µ¤l¥«¤p?t·}¤­¸ô268«Ñ1~50¸¹,132.31,¦í,,,10211,¤g¦a2«Øª«1¨®¦ì0,¥þ,003,³z¤Ñ­í,¨£¨ä¥Lµn°O¨Æ¶µ,¿ûµ¬²V¾®¤g³y,0950828,165.89,3,2,3,¦³,¦³,4950000,29839,,0.0,0
¦µ¤l¥«,©Ð¦a(¤g¦a+«Øª«),¹Å¸q¿¤¦µ¤l¥«¤p?t·}¤­¸ô268«Ñ1~50¸¹,116.73,¦í,,,10211,¤g¦a2«Øª«1¨®¦ì0,¥þ,003,³z¤Ñ­í,¨£¨ä¥Lµn°O¨Æ¶µ,¿ûµ¬²V¾®¤g³y,0950828,165.89,3,2,3,¦³,¦³,4600000,27729,,0.0,0
¦µ¤l¥«,©Ð¦a(¤g¦a+«Øª«),¹Å¸q¿¤¦µ¤l¥«¤p?t·}¤­¸ô268«Ñ1~50¸¹,116.73,¦í,,,10211,¤g¦a2«Øª«1¨®¦ì0,¥þ,003,³z¤Ñ­í,¨£¨ä¥Lµn°O¨Æ¶µ,¿ûµ¬²V¾®¤g³y,0950828,165.89,5,2,3,¦³,¦³,4800000,28935,,0.0,0
¦µ¤l¥«,©Ð¦a(¤g¦a+«Øª«),¹Å¸q¿¤¦µ¤l¥«¤p?t·}¤­¸ô268«Ñ1~50¸¹,116.73,¦í,,,10211,¤g¦a2«Øª«1¨®¦ì0,¥þ,003,³z¤Ñ­í,¨£¨ä¥Lµn°O¨Æ¶µ,¿ûµ¬²V¾®¤g³y,0950828,165.89,3,2,3,¦³,¦³,4600000,27729,,0.0,0
¦µ¤l¥«,©Ð¦a(¤g¦a+«Øª«),¹Å¸q¿¤¦µ¤l¥«¤p?t·}¤­¸ô268«Ñ1~50¸¹,130.53,¦í,,,10211,¤g¦a2«Øª«1¨®¦ì0,¥þ,003,³z¤Ñ­í,¨£¨ä¥Lµn°O¨Æ¶µ,¿ûµ¬²V¾®¤g³y,0950828,165.89,3,2,3,¦³,¦³,4650000,28031,,0.0,0
¦µ¤l¥«,©Ð¦a(¤g¦a+«Øª«),¹Å¸q¿¤¦µ¤l¥«¤p?t·}¤­¸ô276«Ñ1~50¸¹,116.73,¦í,,,10211,¤g¦a2«Øª«1¨®¦ì0,¥þ,003,³z¤Ñ­í,¨£¨ä¥Lµn°O¨Æ¶µ,¿ûµ¬²V¾®¤g³y,0950828,165.89,4,2,3,¦³,¦³,4600000,27729,,0.0,0
¸q¦Ë¶m,¤g¦a,°ñ¤lÀY¬q°ñ«e¤p¬q1101~1150¦a¸¹,1020.0,,¯S©w¹A·~°Ï,¹Aªª¥Î¦a,10211,¤g¦a1«Øª«0¨®¦ì0,,,¨ä¥L,,,,0.0,0,0,0,¦³,µL,360000,353,,0.0,0
¦µ¤l¥«,©Ð¦a(¤g¦a+«Øª«),¹Å¸q¿¤¦µ¤l¥«?µæ®H51~100¸¹,234.0,¦í,,,10210,¤g¦a1«Øª«1¨®¦ì0,¥þ,001,³z¤Ñ­í,¦í®a¥Î,¿ûµ¬²V¾®¤g¥[±j¿j³y,0680820,126.0,3,2,1,¦³,µL,2100000,16667,,0.0,0
¦µ¤l¥«,©Ð¦a(¤g¦a+«Øª«),¹Å¸q¿¤¦µ¤l¥«¤p?t·}¤­¸ô201~250¸¹,189.78,¦í,,,10211,¤g¦a5«Øª«2¨®¦ì0,¥þ,003,³z¤Ñ­í,¦í®a¥Î,¿ûµ¬²V¾®¤g³y,0950828,191.76,5,2,3,¦³,¦³,5900000,30768,,0.0,0
¦µ¤l¥«,©Ð¦a(¤g¦a+«Øª«),¹Å¸q¿¤¦µ¤l¥«®ü³q¸ô51~100¸¹,74.0,°Ó,,,10211,¤g¦a1«Øª«1¨®¦ì0,¤@¼h¡A¤G¼h¡A¤T¼h¡A¥|¼h¡AÃM¼Ó,004,©±­±(©±¾Q),¦í®a¥Î,¿ûµ¬²V¾®¤g³y,0800807,231.66,3,1,3,¦³,µL,4942700,21336,,0.0,0
¥Á¶¯¶m,¤g¦a,¤­½\¤ý¬q301~350¦a¸¹,441.49,¦í,,,10210,¤g¦a2«Øª«0¨®¦ì0,,,¨ä¥L,,,,0.0,0,0,0,¦³,µL,7426745,16822,,0.0,0
·Ë¤f¶m,¤g¦a,¤TÅ|·Ë¬qÅ|·Ë¤p¬q1~50¦a¸¹,4655.0,,¯S©w¹A·~°Ï,¹Aªª¥Î¦a,10211,¤g¦a3«Øª«0¨®¦ì0,,,¨ä¥L,,,,0.0,0,0,0,¦³,µL,4650000,999,,0.0,0
¥Á¶¯¶m,©Ð¦a(¤g¦a+«Øª«),¹Å¸q¿¤¥Á¶¯¶m¥_¤æ§ø23¾F¥_¶Õ¤l401~450¸¹,110.0,¦í,,,10211,¤g¦a1«Øª«1¨®¦ì0,¥þ,001,³z¤Ñ­í,¦í®a¥Î,¿j³y,0701229,69.75,3,1,1,¦³,µL,700000,10036,,0.0,0
¥Á¶¯¶m,©Ð¦a(¤g¦a+«Øª«),¹Å¸q¿¤¥Á¶¯¶m¨qªL§ø·Ë©³¼d1~50¸¹,111.68,,¤@¯ë¹A·~°Ï,¥ÒºØ«Ø¿v¥Î¦a,10211,¤g¦a2«Øª«1¨®¦ì0,¥þ,003,³z¤Ñ­í,¦í®a¥Î,¿ûµ¬²V¾®¤g³y,1021024,159.82,4,2,3,¦³,µL,4550000,28470,,0.0,0
¥Á¶¯¶m,©Ð¦a(¤g¦a+«Øª«),¹Å¸q¿¤¥Á¶¯¶m¨qªL§ø·Ë©³¼d1~50¸¹,106.54,,¤@¯ë¹A·~°Ï,¥ÒºØ«Ø¿v¥Î¦a,10211,¤g¦a2«Øª«1¨®¦ì0,¥þ,003,³z¤Ñ­í,¦í®a¥Î,¿ûµ¬²V¾®¤g³y,1021024,157.17,5,2,3,¦³,µL,4240000,26977,,0.0,0
¥Á¶¯¶m,©Ð¦a(¤g¦a+«Øª«),¹Å¸q¿¤¥Á¶¯¶m¨qªL§ø·Ë©³¼d1~50¸¹,105.51,,¤@¯ë¹A·~°Ï,¥ÒºØ«Ø¿v¥Î¦a,10211,¤g¦a2«Øª«1¨®¦ì0,¥þ,003,³z¤Ñ­í,¨£¨ä¥Lµn°O¨Æ¶µ,¿ûµ¬²V¾®¤g³y,1021024,151.84,4,2,3,¦³,µL,3980000,26212,,0.0,0
¥Á¶¯¶m,©Ð¦a(¤g¦a+«Øª«),¹Å¸q¿¤¥Á¶¯¶m¨qªL§ø·Ë©³¼d1~50¸¹,106.97,,¤@¯ë¹A·~°Ï,¥ÒºØ«Ø¿v¥Î¦a,10211,¤g¦a2«Øª«1¨®¦ì0,¥þ,003,³z¤Ñ­í,¦í®a¥Î,¿ûµ¬²V¾®¤g³y,1021024,138.93,4,2,3,¦³,µL,3900000,28072,,0.0,0
¥Á¶¯¶m,©Ð¦a(¤g¦a+«Øª«),¹Å¸q¿¤¥Á¶¯¶m¨qªL§ø·Ë©³¼d1~50¸¹,105.21,,¤@¯ë¹A·~°Ï,¥ÒºØ«Ø¿v¥Î¦a,10211,¤g¦a2«Øª«1¨®¦ì0,¥þ,003,³z¤Ñ­í,¦í®a¥Î,¿ûµ¬²V¾®¤g³y,1021024,136.54,4,2,3,¦³,µL,3860000,28270,,0.0,0
¥Á¶¯¶m,©Ð¦a(¤g¦a+«Øª«),¹Å¸q¿¤¥Á¶¯¶m¨qªL§ø·Ë©³¼d1~50¸¹,105.32,,¤@¯ë¹A·~°Ï,¥ÒºØ«Ø¿v¥Î¦a,10211,¤g¦a2«Øª«1¨®¦ì0,¥þ,003,³z¤Ñ­í,¦í®a¥Î,¿ûµ¬²V¾®¤g³y,1021024,136.54,4,2,3,¦³,µL,3900000,28563,,0.0,0
¥Á¶¯¶m,©Ð¦a(¤g¦a+«Øª«),¹Å¸q¿¤¥Á¶¯¶m¨qªL§ø·Ë©³¼d1~50¸¹,162.13,,¤@¯ë¹A·~°Ï,¥ÒºØ«Ø¿v¥Î¦a,10211,¤g¦a2«Øª«1¨®¦ì0,¥þ,003,³z¤Ñ­í,¦í®a¥Î,¿ûµ¬²V¾®¤g³y,1021024,138.83,4,2,3,¦³,µL,4300000,30973,,0.0,0
¤Ó«O¥«,¤g¦a,·Ë«n¬q·Ë«n¤p¬q1~50¦a¸¹,2095.0,,¯S©w¹A·~°Ï,¹Aªª¥Î¦a,10211,¤g¦a1«Øª«0¨®¦ì0,,,¨ä¥L,,,,0.0,0,0,0,¦³,µL,2500000,1193,,0.0,0
¤Ó«O¥«,¤g¦a,®H¤ß¬q®H¤ß¤p¬q301~350¦a¸¹,1000.0,,¯S©w¹A·~°Ï,¹Aªª¥Î¦a,10211,¤g¦a1«Øª«0¨®¦ì0,,,¨ä¥L,,,,0.0,0,0,0,¦³,µL,1700000,1700,,0.0,0
¤Ó«O¥«,¤g¦a,ªF·s¬q401~450¦a¸¹,164.64,¹A,,,10211,¤g¦a1«Øª«0¨®¦ì0,,,¨ä¥L,,,,0.0,0,0,0,¦³,µL,125000,759,,0.0,0
¤ô¤W¶m,¤g¦a,¤¤ÉÜ¬q1901~1950¦a¸¹,63.11,,¶m§ø°Ï,¤AºØ«Ø¿v¥Î¦a,10211,¤g¦a1«Øª«0¨®¦ì0,,,¨ä¥L,,,,0.0,0,0,0,¦³,µL,900000,14261,,0.0,0
¤ô¤W¶m,¤g¦a,¤U¼d·s¬q901~950¦a¸¹,354.16,,¶m§ø°Ï,¤AºØ«Ø¿v¥Î¦a,10211,¤g¦a2«Øª«0¨®¦ì0,,,¨ä¥L,,,,0.0,0,0,0,¦³,µL,2239362,6323,,0.0,0
¤ô¤W¶m,¤g¦a,¤U¼d·s¬q901~950¦a¸¹,177.08,,¶m§ø°Ï,¤AºØ«Ø¿v¥Î¦a,10211,¤g¦a2«Øª«0¨®¦ì0,,,¨ä¥L,,,,0.0,0,0,0,¦³,µL,1117332,6310,,0.0,0
¤ô¤W¶m,¤g¦a,¤jÔ³§À¬q401~450¦a¸¹,143.03,,¶m§ø°Ï,¤AºØ«Ø¿v¥Î¦a,10211,¤g¦a3«Øª«0¨®¦ì0,,,¨ä¥L,,,,0.0,0,0,0,¦³,µL,1000000,6992,,0.0,0
¸q¦Ë¶m,¤g¦a,¸q¦Ë¬q¸q¦Ë¤p¬q401~450¦a¸¹,3590.0,,¯S©w¹A·~°Ï,¹Aªª¥Î¦a,10211,¤g¦a1«Øª«0¨®¦ì0,,,¨ä¥L,,,,0.0,0,0,0,¦³,µL,2500000,696,,0.0,0
¤jªLÂí,©Ð¦a(¤g¦a+«Øª«),¹Å¸q¿¤¤jªLÂí¤T§ø¨½7¾F´ò¤l1~50¸¹,75.0,,¯S©w¹A·~°Ï,¥ÒºØ«Ø¿v¥Î¦a,10211,¤g¦a1«Øª«1¨®¦ì0,¥þ,003,³z¤Ñ­í,¦í°Ó¥Î,¿ûµ¬²V¾®¤g³y,0851223,135.43,3,2,2,¦³,µL,2380000,17574,,0.0,0
¤ô¤W¶m,©Ð¦a(¤g¦a+«Øª«),¹Å¸q¿¤¤ô¤W¶m¤j±[§ø¤G­«·¾1~50¸¹,79.2,,¶m§ø°Ï,¤AºØ«Ø¿v¥Î¦a,10211,¤g¦a1«Øª«1¨®¦ì0,¥þ,003,³z¤Ñ­í,¦í®a¥Î,¿ûµ¬²V¾®¤g³y,0920624,165.92,4,2,3,¦³,µL,3720000,22420,,0.0,0
¤ô¤W¶m,©Ð¦a(¤g¦a+«Øª«),¹Å¸q¿¤¤ô¤W¶m¼e¤h§ø±T¤lÀY1~50¸¹,101.77,,¶m§ø°Ï,¤AºØ«Ø¿v¥Î¦a,10212,¤g¦a1«Øª«1¨®¦ì0,¥þ,003,³z¤Ñ­í,¨£¨ä¥Lµn°O¨Æ¶µ,¿ûµ¬²V¾®¤g³y,1020926,192.44,4,3,5,¦³,µL,5830000,30295,,0.0,0
¤ô¤W¶m,¤g¦a,¤û¸Y®H¬q301~350¦a¸¹,1740.0,,¤s©Y¦a«O¨|°Ï,¹Aªª¥Î¦a,10211,¤g¦a1«Øª«0¨®¦ì0,,,¨ä¥L,,,,0.0,0,0,0,¦³,µL,1500000,862,,0.0,0
±ö¤s¶m,¤g¦a,±ö¥_¬q1351~1400¦a¸¹,574.0,¹A,,,10211,¤g¦a1«Øª«0¨®¦ì0,,,¨ä¥L,,,,0.0,0,0,0,¦³,µL,700000,1220,,0.0,0
¤ô¤W¶m,©Ð¦a(¤g¦a+«Øª«),¹Å¸q¿¤¤ô¤W¶m¼e¤h§ø±T¤lÀY1~50¸¹,104.64,,¶m§ø°Ï,¤AºØ«Ø¿v¥Î¦a,10212,¤g¦a1«Øª«1¨®¦ì0,¥þ,003,³z¤Ñ­í,¨£¨ä¥Lµn°O¨Æ¶µ,¿ûµ¬²V¾®¤g³y,1020926,189.18,4,3,5,¦³,µL,6000000,31716,,0.0,0
±ö¤s¶m,¤g¦a,¬ì¤lªL¬q351~400¦a¸¹,1771.0,,,,10210,¤g¦a1«Øª«0¨®¦ì0,,,¨ä¥L,,,,0.0,0,0,0,¦³,µL,212520,120,,0.0,0
³À¯ó¶m,¤g¦a,³»¼æ¬q651~700¦a¸¹,387.0,,¶m§ø°Ï,¤AºØ«Ø¿v¥Î¦a,10211,¤g¦a1«Øª«0¨®¦ì0,,,¨ä¥L,,,,0.0,0,0,0,¦³,µL,1509300,3900,,0.0,0
¤ô¤W¶m,©Ð¦a(¤g¦a+«Øª«),¹Å¸q¿¤¤ô¤W¶m¤TÂí§ø«n¹t¨®¯¸101~150¸¹,78.25,,¶m§ø°Ï,¤AºØ«Ø¿v¥Î¦a,10211,¤g¦a1«Øª«1¨®¦ì0,¥þ,003,³z¤Ñ­í,¦í®a¥Î,¿ûµ¬²V¾®¤g³y,0891012,129.97,3,2,2,¦³,µL,3200000,24621,,0.0,0
¥Á¶¯¶m,©Ð¦a(¤g¦a+«Øª«),¹Å¸q¿¤¥Á¶¯¶mªF´ò§ø19¾FªF¶Õ´ò101~150¸¹,83.92,,¶m§ø°Ï,¤AºØ«Ø¿v¥Î¦a,10211,¤g¦a1«Øª«1¨®¦ì0,¥þ,002,³z¤Ñ­í,¦í®a¥Î,¿ûµ¬²V¾®¤g¥[±j¿j³y,0680215,83.78,3,2,2,¦³,µL,1460000,17427,,0.0,0
¤Ó«O¥«,¤g¦a,·s°ñ¬q·s°ñ¤p¬q751~800¦a¸¹,2312.0,,¯S©w¹A·~°Ï,¹Aªª¥Î¦a,10211,¤g¦a1«Øª«0¨®¦ì0,,,¨ä¥L,,,,0.0,0,0,0,¦³,µL,3976640,1720,,0.0,0
¤¤®H¶m,©Ð¦a(¤g¦a+«Øª«),¹Å¸q¿¤¤¤®H¶m¤¤¤s·s?351~400¸¹,82.31,¦í,,,10211,¤g¦a1«Øª«1¨®¦ì0,¥þ,002,³z¤Ñ­í,¦í®a¥Î,¿ûµ¬²V¾®¤g¥[±j¿j³y,0700114,85.49,5,1,2,¦³,µL,3500000,40940,,0.0,0
¤Ó«O¥«,©Ð¦a(¤g¦a+«Øª«),¹Å¸q¿¤¤Ó«OÉ]³Â¤Ó¸ô51~100¸¹,107.22,¦í,,,10211,¤g¦a2«Øª«1¨®¦ì0,¥þ,003,³z¤Ñ­í,¨£¨ä¥Lµn°O¨Æ¶µ,¿ûµ¬²V¾®¤g³y,1020806,154.08,4,1,3,¦³,µL,5400000,35047,,0.0,0
¤¤®H¶m,©Ð¦a(¤g¦a+«Øª«),¹Å¸q¿¤¤¤®H¶m¤½?1~50¸¹,313.3,¦í,,,10211,¤g¦a1«Øª«1¨®¦ì0,¥þ,001,³z¤Ñ­í,¦í®a¥Î,¤ì³y,0351101,76.03,3,1,1,¦³,µL,1800000,23675,,0.0,0
µf¸ô¶m,©Ð¦a(¤g¦a+«Øª«),¹Å¸q¿¤µf¸ô¶m¦¿¦è§ø6¾F¥­?1~50¸¹,21.01,¦í,,,10211,¤g¦a2«Øª«1¨®¦ì0,¤T¼h,019,¦í¦v¤j¼Ó(11¼h§t¥H¤W¦³¹q±è),¦í®a¥Î,¿ûµ¬²V¾®¤g³y,0820401,119.58,2,2,1,¦³,¦³,2850000,23833,,0.0,0
µf¸ô¶m,¤g¦a,«n¤U§|¬q1351~1400¦a¸¹,199.03,,¤s©Y¦a«O¨|°Ï,¹Aªª¥Î¦a,10211,¤g¦a1«Øª«0¨®¦ì0,,,¨ä¥L,,,,0.0,0,0,0,¦³,µL,100000,502,,0.0,0
µf¸ô¶m,¤g¦a,¤½¥Ð¬q101~150¦a¸¹,19227.0,,´ËªL°Ï,¹Aªª¥Î¦a,10211,¤g¦a1«Øª«0¨®¦ì0,,,¨ä¥L,,,,0.0,0,0,0,¦³,µL,1930000,100,,0.0,0
¦Ë±T¶m,©Ð¦a(¤g¦a+«Øª«),¹Å¸q¿¤¦Ë±T¶mÆW¾ô§ø23¾FÆW¾ô340«Ñ1~50¸¹,238.31,,¤@¯ë¹A·~°Ï,¥ÒºØ«Ø¿v¥Î¦a,10211,¤g¦a3«Øª«1¨®¦ì0,¥þ,003,³z¤Ñ­í,¦í®a¥Î,¿ûµ¬²V¾®¤g³y,1010615,243.72,6,2,4,¦³,µL,8620000,35368,,0.0,0
¤¤®H¶m,©Ð¦a(¤g¦a+«Øª«),¹Å¸q¿¤¤ô¤W¶m©M¿³§ø¤¤¤s¸ô¤­¬q961«Ñ36§Ë1~50¸¹,99.92,¦í,,,10211,¤g¦a2«Øª«1¨®¦ì0,¥þ,004,³z¤Ñ­í,¦í®a¥Î,¿ûµ¬²V¾®¤g³y,0920530,170.35,3,2,3,¦³,µL,6380000,37452,,0.0,0
¤Ó«O¥«,¤g¦a,·Ë«n¬q·Ë«n¤p¬q101~150¦a¸¹,1075.5,,¯S©w¹A·~°Ï,¹Aªª¥Î¦a,10211,¤g¦a1«Øª«0¨®¦ì0,,,¨ä¥L,,,,0.0,0,0,0,¦³,µL,1075500,1000,,0.0,0
¤jªLÂí,¤g¦a,³»­ûªL¬q251~300¦a¸¹,5962.0,,¤@¯ë¹A·~°Ï,¯S©w¥Øªº¨Æ·~¥Î¦a,10211,¤g¦a4«Øª«0¨®¦ì0,,,¨ä¥L,,,,0.0,0,0,0,¦³,µL,13712600,2300,,0.0,0
¦µ¤l¥«,¤g¦a,¤j¸¯¬q101~150¦a¸¹,143.0,,¶m§ø°Ï,¤AºØ«Ø¿v¥Î¦a,10211,¤g¦a1«Øª«0¨®¦ì0,,,¨ä¥L,,,,0.0,0,0,0,¦³,µL,1273000,8902,,0.0,0
¦µ¤l¥«,¤g¦a,¤j¸¯¬q1101~1150¦a¸¹,1989.31,,¯S©w¹A·~°Ï,¹Aªª¥Î¦a,10211,¤g¦a1«Øª«0¨®¦ì0,,,¨ä¥L,,,,0.0,0,0,0,¦³,µL,5967930,3000,,0.0,0
¥¬³UÂí,©Ð¦a(¤g¦a+«Øª«),¹Å¸q¿¤¥¬³UÂí§Â®ü¨½·s«n¸ô151~200¸¹,180.3,¦í,,,10211,¤g¦a2«Øª«2¨®¦ì0,¥þ,004,³z¤Ñ­í,¦í°Ó¥Î,¿û°©¿ûµ¬²V¾®¤g³y,0840320,326.96,6,4,6,¦³,µL,1800000,5505,,0.0,0
¤¤®H¶m,¤g¦a,ªD¾ðŽñ¬q351~400¦a¸¹,4128.0,,¯S©w¹A·~°Ï,¹Aªª¥Î¦a,10210,¤g¦a1«Øª«0¨®¦ì0,,,¨ä¥L,,,,0.0,0,0,0,¦³,µL,2800000,678,,0.0,0
¤¤®H¶m,¤g¦a,ÆW¼æ¤l¬q51~100¦a¸¹,2000.0,,¤s©Y¦a«O¨|°Ï,¹Aªª¥Î¦a,10211,¤g¦a1«Øª«0¨®¦ì0,,,¨ä¥L,,,,0.0,0,0,0,¦³,µL,172000,86,,0.0,0
¤ô¤W¶m,¤g¦a,¤Q¤@«ü­í¬q¦`¦è¤p¬q251~300¦a¸¹,3598.0,,¯S©w¹A·~°Ï,¹Aªª¥Î¦a,10212,¤g¦a2«Øª«0¨®¦ì0,,,¨ä¥L,,,,0.0,0,0,0,¦³,µL,4822492,1340,,0.0,0
³À¯ó¶m,¤g¦a,¤s¤lŽñ¬q¤sŽñ¤p¬q201~250¦a¸¹,2350.0,,¯S©w¹A·~°Ï,¹Aªª¥Î¦a,10211,¤g¦a1«Øª«0¨®¦ì0,,,¨ä¥L,,,,0.0,0,0,0,¦³,µL,1950500,830,,0.0,0
¤ô¤W¶m,«Øª«,¹Å¸q¿¤¤ô¤W¶m¬hªL§ø¬h¤lªL51~100¸¹,0.0,,,,10211,¤g¦a0«Øª«1¨®¦ì0,¥þ,003,³z¤Ñ­í,¦í°Ó¥Î,¿ûµ¬²V¾®¤g¥[±j¿j³y,0670716,104.24,3,2,2,¦³,µL,352000,3377,,0.0,0
¤ô¤W¶m,¤g¦a,¬hªL¬q51~100¦a¸¹,57.89,,¶m§ø°Ï,¤AºØ«Ø¿v¥Î¦a,10211,¤g¦a1«Øª«0¨®¦ì0,,,¨ä¥L,,,,0.0,0,0,0,¦³,µL,1248000,21558,,0.0,0
¤Ó«O¥«,¤g¦a,³Â¼d¬q851~900¦a¸¹,21.97,¦í,,,10211,¤g¦a1«Øª«0¨®¦ì0,,,¨ä¥L,,,,0.0,0,0,0,¦³,µL,509936,23211,,0.0,0
¦µ¤l¥«,¤g¦a,«n¶Õ¦Ë¬q«n¦Ë¤p¬q501~550¦a¸¹,3108.0,,¯S©w¹A·~°Ï,¹Aªª¥Î¦a,10212,¤g¦a1«Øª«0¨®¦ì0,,,¨ä¥L,,,,0.0,0,0,0,¦³,µL,2548560,820,,0.0,0
¤»¸}¶m,¤g¦a,§ó¼d¬q§ó¼d¤p¬q351~400¦a¸¹,2280.0,,¯S©w¹A·~°Ï,¹Aªª¥Î¦a,10211,¤g¦a1«Øª«0¨®¦ì0,,,¨ä¥L,,,,0.0,0,0,0,¦³,µL,1000000,439,,0.0,0
¦µ¤l¥«,¤g¦a,¤j¸¯¬q751~800¦a¸¹,636.02,,¶m§ø°Ï,¤AºØ«Ø¿v¥Î¦a,10211,¤g¦a1«Øª«0¨®¦ì0,,,¨ä¥L,,,,0.0,0,0,0,¦³,µL,8368965,13158,,0.0,0
¥¬³UÂí,¤g¦a,±Y¤s¬q±Y¤s¤p¬q51~100¦a¸¹,1513.0,,¤@¯ë¹A·~°Ï,¹Aªª¥Î¦a,10211,¤g¦a1«Øª«0¨®¦ì0,,,¨ä¥L,,,,0.0,0,0,0,¦³,µL,756500,500,,0.0,0
¸q¦Ë¶m,¤g¦a,¤û¸Y©³¬q·s´I¤p¬q601~650¦a¸¹,4031.5,,¯S©w¹A·~°Ï,¹Aªª¥Î¦a,10212,¤g¦a3«Øª«0¨®¦ì0,,,¨ä¥L,,,,0.0,0,0,0,¦³,µL,2116115,525,,0.0,0
¥¬³UÂí,¤g¦a,®¶¼d¬q851~900¦a¸¹,3045.02,¹A,,,10211,¤g¦a5«Øª«0¨®¦ì0,,,¨ä¥L,,,,0.0,0,0,0,¦³,µL,1827000,600,,0.0,0
¸q¦Ë¶m,¤g¦a,·Ë¬w¬q·Ë¬w¤p¬q851~900¦a¸¹,2121.0,,¯S©w¹A·~°Ï,¹Aªª¥Î¦a,10211,¤g¦a1«Øª«0¨®¦ì0,,,¨ä¥L,,,,0.0,0,0,0,¦³,µL,1442280,680,,0.0,0
·s´ä¶m,¤g¦a,¥j¥Á¬q·s¥Á¤p¬q251~300¦a¸¹,3900.0,,¯S©w¹A·~°Ï,¹Aªª¥Î¦a,10212,¤g¦a1«Øª«0¨®¦ì0,,,¨ä¥L,,,,0.0,0,0,0,¦³,µL,2336000,599,,0.0,0
¥Á¶¯¶m,©Ð¦a(¤g¦a+«Øª«),¹Å¸q¿¤¥Á¶¯¶mªQ¤s§ø¥ß¥þ·s§ø201~250¸¹,78.0,¦í,,,10211,¤g¦a1«Øª«1¨®¦ì0,¥þ,002,³z¤Ñ­í,¦í®a¥Î,¿ûµ¬²V¾®¤g¥[±j¿j³y,0720915,80.12,3,1,2,¦³,µL,1500000,18722,,0.0,0
¤Ó«O¥«,¤g¦a,¥ÕÂF­í¬q¥ÕÂF¤p¬q101~150¦a¸¹,2144.0,,¯S©w¹A·~°Ï,¹Aªª¥Î¦a,10211,¤g¦a1«Øª«0¨®¦ì0,,,¨ä¥L,,,,0.0,0,0,0,¦³,µL,2401280,1120,,0.0,0
¤jªLÂí,©Ð¦a(¤g¦a+«Øª«),¹Å¸q¿¤¤jªLÂí¥­ªL¨½17¾F¼w­ëµó51~100¸¹,48.86,°Ó,,,10211,¤g¦a1«Øª«1¨®¦ì0,¤@¼h¡A¤G¼h¡A¤T¼h¡AÃM¼Ó,005,©±­±(©±¾Q),¦í°Ó¥Î,¿ûµ¬²V¾®¤g³y,0831004,171.95,3,2,3,¦³,µL,3200000,18610,,0.0,0
¤Ó«O¥«,¤g¦a,ªF¶Õ¼d¬q401~450¦a¸¹,272.6,¦í,,,10211,¤g¦a1«Øª«0¨®¦ì0,,,¨ä¥L,,,,0.0,0,0,0,¦³,µL,1280000,4696,,0.0,0
¥Á¶¯¶m,©Ð¦a(¤g¦a+«Øª«),¹Å¸q¿¤¥Á¶¯¶mºÖ¼Ö§ø5¾F°ñ¨¤¸ô51~100¸¹,74.51,¦í,,,10211,¤g¦a1«Øª«1¨®¦ì0,¥þ,003,³z¤Ñ­í,¦í°Ó¥Î,¿ûµ¬²V¾®¤g³y,0860816,174.06,4,3,3,¦³,µL,8450000,48546,,0.0,0
¤ô¤W¶m,©Ð¦a(¤g¦a+«Øª«),¹Å¸q¿¤¤ô¤W¶m¤º·Ë§ø¤º·Ë¬w151~200¸¹,72.34,,¤@¯ë¹A·~°Ï,¥ÒºØ«Ø¿v¥Î¦a,10212,¤g¦a1«Øª«1¨®¦ì0,¥þ,002,³z¤Ñ­í,¦í®a¥Î,¿ûµ¬²V¾®¤g¥[±j¿j³y,0710109,92.46,3,2,2,¦³,µL,1750000,18927,,0.0,0
¤ô¤W¶m,¤g¦a,¤T¬É®H¬q201~250¦a¸¹,3201.0,,¯S©w¹A·~°Ï,¹Aªª¥Î¦a,10211,¤g¦a1«Øª«0¨®¦ì0,,,¨ä¥L,,,,0.0,0,0,0,¦³,µL,2400000,750,,0.0,0
¥¬³UÂí,©Ð¦a(¤g¦a+«Øª«),¹Å¸q¿¤¥¬³UÂí§Â®ü¨½·s«n¸ô151~200¸¹,360.6,¦í,,,10211,¤g¦a4«Øª«4¨®¦ì0,¥þ,004,³z¤Ñ­í,¦í°Ó¥Î,¿û°©¿ûµ¬²V¾®¤g³y,0840320,653.92,12,8,12,¦³,µL,3600000,5505,,0.0,0
·s´ä¶m,©Ð¦a(¤g¦a+«Øª«),¹Å¸q¿¤·s´ä¶mµn¶³¸ô47«Ñ1~50¸¹,163.0,¦í,,,10212,¤g¦a2«Øª«1¨®¦ì0,¥þ,003,³z¤Ñ­í,¦í®a¥Î,¿ûµ¬²V¾®¤g³y,0930310,235.6,6,2,5,¦³,µL,3269600,13878,,0.0,0
µf¸ô¶m,¤g¦a,¤½¥Ð¬q1~50¦a¸¹,1000.0,,´ËªL°Ï,ªL·~¥Î¦a,10211,¤g¦a1«Øª«0¨®¦ì0,,,¨ä¥L,,,,0.0,0,0,0,¦³,µL,70000,70,,0.0,0
¤ô¤W¶m,¤g¦a,¬h¶m¬q501~550¦a¸¹,1545.74,,¤@¯ë¹A·~°Ï,¹Aªª¥Î¦a,10207,¤g¦a1«Øª«0¨®¦ì0,,,¨ä¥L,,,,0.0,0,0,0,¦³,µL,9800000,6340,,0.0,0
¤Ó«O¥«,©Ð¦a(¤g¦a+«Øª«),¹Å¸q¿¤¤Ó«OÉ]³Â¼d¨½¤¤¤s¸ô¤G¬q1~50¸¹,122.29,¦í,,,10212,¤g¦a3«Øª«1¨®¦ì0,¥þ,003,³z¤Ñ­í,¦í®a¥Î,¿ûµ¬²V¾®¤g³y,0971113,172.63,4,2,3,¦³,µL,6080000,35220,,0.0,0
¦Ë±T¶m,©Ð¦a(¤g¦a+«Øª«),¹Å¸q¿¤¦Ë±T¶mÆW¾ô§ø23¾FÆW¾ô340«Ñ1~50¸¹,175.55,,¤@¯ë¹A·~°Ï,¥ÒºØ«Ø¿v¥Î¦a,10211,¤g¦a3«Øª«1¨®¦ì0,¥þ,003,³z¤Ñ­í,¦í®a¥Î,¿ûµ¬²V¾®¤g³y,1010615,215.83,5,2,3,¦³,µL,6350000,29421,,0.0,0
¦Ë±T¶m,¤g¦a,³Àº¡¬q851~900¦a¸¹,2302.62,,¤@¯ë¹A·~°Ï,¹Aªª¥Î¦a,10211,¤g¦a1«Øª«0¨®¦ì0,,,¨ä¥L,,,,0.0,0,0,0,¦³,µL,3150000,1368,,0.0,0
±ö¤s¶m,¤g¦a,±ö«n¬q1001~1050¦a¸¹,1077.0,¦í,,,10211,¤g¦a2«Øª«0¨®¦ì0,,,¨ä¥L,,,,0.0,0,0,0,¦³,µL,12539450,11643,,0.0,0
±ö¤s¶m,¤g¦a,±ö¥_¬q751~800¦a¸¹,98.0,¦í,,,10211,¤g¦a1«Øª«0¨®¦ì0,,,¨ä¥L,,,,0.0,0,0,0,¦³,µL,2104795,21478,,0.0,0
¤Ó«O¥«,©Ð¦a(¤g¦a+«Øª«),¹Å¸q¿¤¤Ó«OÉ]³»´ä¤láY1~50¸¹,7.62,,¶m§ø°Ï,¤AºØ«Ø¿v¥Î¦a,10212,¤g¦a1«Øª«1¨®¦ì0,¤@¼h,005,®M©Ð(1©Ð1ÆU1½Ã),¨£¨ä¥Lµn°O¨Æ¶µ,¿ûµ¬²V¾®¤g³y,0940204,23.02,1,0,1,¦³,µL,350000,15204,,0.0,0
³À¯ó¶m,¤g¦a,¦Ë¤lŽñ¬q251~300¦a¸¹,19.0,,¶m§ø°Ï,¤AºØ«Ø¿v¥Î¦a,10211,¤g¦a1«Øª«0¨®¦ì0,,,¨ä¥L,,,,0.0,0,0,0,¦³,µL,116000,6105,,0.0,0
¤ô¤W¶m,¤g¦a,¤ôªF¬q751~800¦a¸¹,65.79,°Ó,,,10211,¤g¦a2«Øª«0¨®¦ì0,,,¨ä¥L,,,,0.0,0,0,0,¦³,µL,1351281,20539,,0.0,0
¤Ó«O¥«,©Ð¦a(¤g¦a+«Øª«),¹Å¸q¿¤¤Ó«OÉ]³Â¤Ó¸ô51~100¸¹,106.22,¦í,,,10212,¤g¦a2«Øª«1¨®¦ì0,¥þ,003,³z¤Ñ­í,¨£¨ä¥Lµn°O¨Æ¶µ,¿ûµ¬²V¾®¤g³y,1020806,154.08,4,1,3,¦³,µL,6150000,39914,,0.0,0
¤ô¤W¶m,¤g¦a,¥_¦^¬q251~300¦a¸¹,456.55,¹A,,,10211,¤g¦a1«Øª«0¨®¦ì0,,,¨ä¥L,,,,0.0,0,0,0,¦³,µL,2760000,6045,,0.0,0
¤ô¤W¶m,¤g¦a,¤ô¦è¬q701~750¦a¸¹,294.28,¦í,,,10210,¤g¦a1«Øª«0¨®¦ì0,,,¨ä¥L,,,,0.0,0,0,0,¦³,µL,6300000,21408,,0.0,0
¤ô¤W¶m,¤g¦a,¤ô¦è¬q701~750¦a¸¹,886.11,¦í,,,10210,¤g¦a2«Øª«0¨®¦ì0,,,¨ä¥L,,,,0.0,0,0,0,¦³,µL,18000000,20314,,0.0,0
¤ô¤W¶m,¤g¦a,¤ô¦è¬q701~750¦a¸¹,11.46,¦í,,,10210,¤g¦a1«Øª«0¨®¦ì0,,,¨ä¥L,,,,0.0,0,0,0,¦³,µL,310000,27051,,0.0,0
¤¤®H¶m,¤g¦a,ÆW¼æ¤l¬q51~100¦a¸¹,2897.0,,¤s©Y¦a«O¨|°Ï,¹Aªª¥Î¦a,10211,¤g¦a1«Øª«0¨®¦ì0,,,¨ä¥L,,,,0.0,0,0,0,¦³,µL,1560000,538,,0.0,0
ªü¨½¤s¶m,¤g¦a,¼Ö³¥¬q101~150¦a¸¹,3474.0,,¤s©Y¦a«O¨|°Ï,¹Aªª¥Î¦a,10212,¤g¦a1«Øª«0¨®¦ì0,,,¨ä¥L,,,,0.0,0,0,0,¦³,µL,2000000,576,,0.0,0
µf¸ô¶m,¤g¦a,µf¸ô¬qµf¸ô¤p¬q51~100¦a¸¹,148.0,,¯S©w±M¥Î°Ï,¯S©w¥Øªº¨Æ·~¥Î¦a,10211,¤g¦a1«Øª«0¨®¦ì0,,,¨ä¥L,,,,0.0,0,0,0,¦³,µL,101528,686,,0.0,0
¦Ë±T¶m,¤g¦a,¯uªZ¬q101~150¦a¸¹,115.83,¦í,,,10211,¤g¦a2«Øª«0¨®¦ì0,,,¨ä¥L,,,,0.0,0,0,0,¦³,µL,1400000,12087,,0.0,0
·s´ä¶m,¤g¦a,¥j¥Á¬q·s¥Á¤p¬q651~700¦a¸¹,7.0,¦í,,,10211,¤g¦a1«Øª«0¨®¦ì0,,,¨ä¥L,,,,0.0,0,0,0,¦³,µL,140000,20000,,0.0,0
±ö¤s¶m,©Ð¦a(¤g¦a+«Øª«),¹Å¸q¿¤±ö¤s¶m±ö¥_§ø¤¤µØµó1~50¸¹,68.0,¦í,,,10211,¤g¦a1«Øª«1¨®¦ì0,¥þ,002,³z¤Ñ­í,¦í®a¥Î,¿ûµ¬²V¾®¤g¥[±j¿j³y,0691210,99.09,3,2,2,¦³,µL,1660000,16752,,0.0,0
±ö¤s¶m,©Ð¦a(¤g¦a+«Øª«),¹Å¸q¿¤±ö¤s¶m±ö¥_§ø±ö¥_§ø¤¤¥¿¸ô51~100¸¹,138.0,°Ó,,,10211,¤g¦a2«Øª«1¨®¦ì0,¥þ,003,³z¤Ñ­í,¨£¨ä¥Lµn°O¨Æ¶µ,¿ûµ¬²V¾®¤g³y,0730522,272.3,4,3,2,¦³,µL,7680000,28204,,0.0,0
¤ô¤W¶m,©Ð¦a(¤g¦a+«Øª«),¹Å¸q¿¤¤ô¤W¶m¤º·Ë§ø¤º·Ë¬w51~100¸¹,76.03,,¤@¯ë¹A·~°Ï,¥ÒºØ«Ø¿v¥Î¦a,10211,¤g¦a1«Øª«1¨®¦ì0,¥þ,003,³z¤Ñ­í,¦í®a¥Î,¿ûµ¬²V¾®¤g³y,0841226,166.69,3,2,3,¦³,µL,2300000,13798,,0.0,0
¤¤®H¶m,©Ð¦a(¤g¦a+«Øª«),¹Å¸q¿¤¤¤®H¶m©M¬ü§ø21¾F¥Ã¼Ö·s§ø351~400¸¹,97.41,¦í,,,10211,¤g¦a1«Øª«1¨®¦ì0,¥þ,002,³z¤Ñ­í,¦í°Ó¥Î,¿ûµ¬²V¾®¤g¥[±j¿j³y,0691227,99.3,4,2,2,¦³,µL,3000000,30211,,0.0,0
¸q¦Ë¶m,¤g¦a,ÀY¦Ë³ò¬q¦Ë³ò¤p¬q701~750¦a¸¹,1372.0,,¯S©w¹A·~°Ï,¹Aªª¥Î¦a,10212,¤g¦a1«Øª«0¨®¦ì0,,,¨ä¥L,,,,0.0,0,0,0,¦³,µL,754600,550,,0.0,0
·s´ä¶m,¤g¦a,¥j¥Á¬q·s¥Á¤p¬q651~700¦a¸¹,224.0,¦í,,,10211,¤g¦a2«Øª«0¨®¦ì0,,,¨ä¥L,,,,0.0,0,0,0,¦³,µL,3388000,15125,,0.0,0
·s´ä¶m,©Ð¦a(¤g¦a+«Øª«),¹Å¸q¿¤·s´ä¶m¤ë¬Ü§ø¤ë¬Ü¼æ1~50¸¹,116.57,,¶m§ø°Ï,¤AºØ«Ø¿v¥Î¦a,10210,¤g¦a3«Øª«1¨®¦ì0,¥þ,002,³z¤Ñ­í,¦í®a¥Î,¿ûµ¬²V¾®¤g¥[±j¿j³y,0700808,97.99,4,2,2,¦³,µL,1920000,19594,,0.0,0
¤ô¤W¶m,¤g¦a,¸q¿³¬q951~1000¦a¸¹,1952.54,,¯S©w¹A·~°Ï,¹Aªª¥Î¦a,10211,¤g¦a2«Øª«0¨®¦ì0,,,¨ä¥L,,,,0.0,0,0,0,¦³,µL,1650715,845,,0.0,0
¤ô¤W¶m,¤g¦a,¸q¿³¬q1501~1550¦a¸¹,2871.76,,¯S©w¹A·~°Ï,¹Aªª¥Î¦a,10210,¤g¦a1«Øª«0¨®¦ì0,,,¨ä¥L,,,,0.0,0,0,0,¦³,µL,2200000,766,,0.0,0
·Ë¤f¶m,¤g¦a,®ãªLŽñ¬q®ãªL¤p¬q151~200¦a¸¹,1321.0,,¯S©w¹A·~°Ï,¹Aªª¥Î¦a,10212,¤g¦a1«Øª«0¨®¦ì0,,,¨ä¥L,,,,0.0,0,0,0,¦³,µL,1200000,908,,0.0,0
·Ë¤f¶m,¤g¦a,®ãªLŽñ¬q®ãªL¤p¬q151~200¦a¸¹,1550.0,,,,10212,¤g¦a1«Øª«0¨®¦ì0,,,¨ä¥L,,,,0.0,0,0,0,¦³,µL,2573000,1660,,0.0,0
¤jªLÂí,©Ð¦a(¤g¦a+«Øª«),¹Å¸q¿¤¤jªLÂí¥­ªL¨½¨|­^µó1~50¸¹,79.0,¦í,,,10210,¤g¦a1«Øª«1¨®¦ì0,¥þ,002,³z¤Ñ­í,¦í®a¥Î,¿ûµ¬²V¾®¤g¥[±j¿j³y,0650117,110.4,4,1,2,¦³,µL,2400000,21739,,0.0,0
¦µ¤l¥«,©Ð¦a(¤g¦a+«Øª«),¹Å¸q¿¤¦µ¤l¥«¤p?t·}¤­¸ô268«Ñ1~50¸¹,130.53,¦í,,,10212,¤g¦a2«Øª«1¨®¦ì0,¥þ,003,³z¤Ñ­í,¨£¨ä¥Lµn°O¨Æ¶µ,¿ûµ¬²V¾®¤g³y,0950828,165.89,4,2,4,¦³,¦³,6050000,36470,,0.0,0
¦µ¤l¥«,¤g¦a,¤å¤Æ¬q551~600¦a¸¹,155.0,°Ó,,,10209,¤g¦a1«Øª«0¨®¦ì0,,,¨ä¥L,,,,0.0,0,0,0,¦³,µL,3399344,21931,,0.0,0
¦µ¤l¥«,¤g¦a,¤å¤Æ¬q551~600¦a¸¹,36.0,°Ó,,,10209,¤g¦a1«Øª«0¨®¦ì0,,,¨ä¥L,,,,0.0,0,0,0,¦³,µL,789525,21931,,0.0,0
¦µ¤l¥«,©Ð¦a(¤g¦a+«Øª«),¹Å¸q¿¤¦µ¤l¥«¥«¤p?t·}¤­¸ô276«Ñ1~50¸¹,132.31,¦í,,,10212,¤g¦a2«Øª«1¨®¦ì0,¥þ,003,³z¤Ñ­í,¨£¨ä¥Lµn°O¨Æ¶µ,¿ûµ¬²V¾®¤g³y,0950828,165.89,3,2,3,¦³,¦³,5000000,30140,,0.0,0
ªF¥Û¶m,¤g¦a,´ò©³¬q´ò©³¤p¬q51~100¦a¸¹,1437.0,,¤@¯ë¹A·~°Ï,¹Aªª¥Î¦a,10211,¤g¦a1«Øª«0¨®¦ì0,,,¨ä¥L,,,,0.0,0,0,0,¦³,µL,1000000,696,,0.0,0
¦µ¤l¥«,©Ð¦a(¤g¦a+«Øª«),¹Å¸q¿¤¦µ¤l¥«¦N²»¤­µóªF¬q1~50¸¹,142.81,¦í,,,10211,¤g¦a1«Øª«1¨®¦ì0,¥þ,004,³z¤Ñ­í,¦í®a¥Î,¿ûµ¬²V¾®¤g³y,0960917,252.01,5,3,5,¦³,µL,8150000,32340,,0.0,0
¸q¦Ë¶m,¤g¦a,¹L¸ô¤l¬q¹L¸ô¤p¬q401~450¦a¸¹,59.24,,¶m§ø°Ï,¤AºØ«Ø¿v¥Î¦a,10211,¤g¦a2«Øª«0¨®¦ì0,,,¨ä¥L,,,,0.0,0,0,0,¦³,µL,100000,1688,,0.0,0
¦µ¤l¥«,©Ð¦a(¤g¦a+«Øª«),¹Å¸q¿¤¦µ¤l¥«¤j?i·}1070«Ñ39§Ë1~50¸¹,80.0,,¶m§ø°Ï,¤AºØ«Ø¿v¥Î¦a,10211,¤g¦a1«Øª«1¨®¦ì0,¥þ,002,³z¤Ñ­í,¦í®a¥Î,¿ûµ¬²V¾®¤g¥[±j¿j³y,0700323,85.85,3,2,2,¦³,µL,1780000,20734,,0.0,0
¥¬³UÂí,¤g¦a,µæçEúS¬q·s¦N¤p¬q51~100¦a¸¹,2939.0,,¤@¯ë¹A·~°Ï,¹Aªª¥Î¦a,10212,¤g¦a2«Øª«0¨®¦ì0,,,¨ä¥L,,,,0.0,0,0,0,¦³,µL,1542975,525,,0.0,0
¦µ¤l¥«,¤g¦a,Âí¦w¬q401~450¦a¸¹,40.14,¦í,,,10211,¤g¦a1«Øª«0¨®¦ì0,,,¨ä¥L,,,,0.0,0,0,0,¦³,µL,1821000,45366,,0.0,0
¦µ¤l¥«,¤g¦a,§d¦Ë¤l¸}¬q¼w®a¤p¬q51~100¦a¸¹,1685.0,,¯S©w¹A·~°Ï,¹Aªª¥Î¦a,10212,¤g¦a1«Øª«0¨®¦ì0,,,¨ä¥L,,,,0.0,0,0,0,¦³,µL,1516500,900,,0.0,0
¦µ¤l¥«,©Ð¦a(¤g¦a+«Øª«),¹Å¸q¿¤¦µ¤l¥«¦N²»¤Cµó51~100¸¹,6.75,¦í,,,10212,¤g¦a1«Øª«1¨®¦ì0,¤T¼h,005,®M©Ð(1©Ð1ÆU1½Ã),¦í®a¥Î,¿ûµ¬²V¾®¤g³y,0940103,18.11,1,1,1,¦³,µL,350000,19326,,0.0,0
¦µ¤l¥«,©Ð¦a(¤g¦a+«Øª«),¹Å¸q¿¤¦µ¤l¥«¤j?·}1036«Ñ6§Ë1~50¸¹,96.87,,¶m§ø°Ï,¤AºØ«Ø¿v¥Î¦a,10211,¤g¦a2«Øª«1¨®¦ì0,¥þ,004,³z¤Ñ­í,¨£¨ä¥Lµn°O¨Æ¶µ,¿ûµ¬²V¾®¤g³y,0970408,289.69,4,1,3,¦³,¦³,5820000,20090,,0.0,0
ªF¥Û¶m,¤g¦a,®ß¤l±[¬q«á®H¤p¬q101~150¦a¸¹,2888.5,,¤@¯ë¹A·~°Ï,¹Aªª¥Î¦a,10209,¤g¦a2«Øª«0¨®¦ì0,,,¨ä¥L,,,,0.0,0,0,0,¦³,µL,3684000,1275,,0.0,0
·s´ä¶m,¤g¦a,·s´ä¬q®c«e¤p¬q101~150¦a¸¹,2160.0,,¯S©w¹A·~°Ï,¹Aªª¥Î¦a,10211,¤g¦a1«Øª«0¨®¦ì0,,,¨ä¥L,,,,0.0,0,0,0,¦³,µL,4212000,1950,,0.0,0
¥Á¶¯¶m,©Ð¦a(¤g¦a+«Øª«),¹Å¸q¿¤¥Á¶¯¶m¥_¤æ§ø17¾F·s¥¿¤­µó51~100¸¹,48.54,,¶m§ø°Ï,¤AºØ«Ø¿v¥Î¦a,10211,¤g¦a1«Øª«1¨®¦ì0,¤@¼h,005,¤½´J(5¼Ó§t¥H¤UµL¹q±è),¨£¨ä¥Lµn°O¨Æ¶µ,¿ûµ¬²V¾®¤g³y,0910725,150.57,3,2,2,¦³,¦³,1950000,12951,,0.0,0
¤jªLÂí,©Ð¦a(¤g¦a+«Øª«),¹Å¸q¿¤¤jªLÂí¥­ªL¨½¥|ºûµó51~100¸¹,122.0,¦í,,,10212,¤g¦a1«Øª«1¨®¦ì0,¥þ,004,³z¤Ñ­í,¦í®a¥Î,¿ûµ¬²V¾®¤g³y,1020627,237.98,5,2,3,¦³,µL,8600000,36137,,0.0,0
³À¯ó¶m,¤g¦a,¤T¨¤¤l¬q51~100¦a¸¹,227.0,,¤@¯ë¹A·~°Ï,¹Aªª¥Î¦a,10212,¤g¦a1«Øª«0¨®¦ì0,,,¨ä¥L,,,,0.0,0,0,0,¦³,µL,100000,441,,0.0,0
³À¯ó¶m,¤g¦a,³»¼æ¬q³»¼æ¤p¬q551~600¦a¸¹,2282.0,,¯S©w¹A·~°Ï,¹Aªª¥Î¦a,10212,¤g¦a1«Øª«0¨®¦ì0,,,¨ä¥L,,,,0.0,0,0,0,¦³,µL,2282000,1000,,0.0,0
¥Á¶¯¶m,¤g¦a,ªQ¤l¸}¬q251~300¦a¸¹,84.0,,¶m§ø°Ï,¤AºØ«Ø¿v¥Î¦a,10212,¤g¦a1«Øª«0¨®¦ì0,,,¨ä¥L,,,,0.0,0,0,0,¦³,µL,537000,6393,,0.0,0
¤ô¤W¶m,©Ð¦a(¤g¦a+«Øª«),¹Å¸q¿¤¤ô¤W¶m¥Á¥Í§ø¦¨¥\µó6«Ñ1~50¸¹,74.57,,¶m§ø°Ï,¤AºØ«Ø¿v¥Î¦a,10211,¤g¦a1«Øª«1¨®¦ì0,¥þ,002,³z¤Ñ­í,¦í®a¥Î,¿ûµ¬²V¾®¤g¥[±j¿j³y,0690301,91.58,3,1,2,¦³,µL,2340000,25551,,0.0,0
¤ô¤W¶m,¤g¦a,«n¹t¬q«n©M¤p¬q1251~1300¦a¸¹,2500.0,,¯S©w¹A·~°Ï,¹Aªª¥Î¦a,10211,¤g¦a1«Øª«0¨®¦ì0,,,¨ä¥L,,,,0.0,0,0,0,¦³,µL,2838000,1135,,0.0,0
µf¸ô¶m,¤g¦a,¤½¥Ð¬q101~150¦a¸¹,1000.0,,´ËªL°Ï,ªL·~¥Î¦a,10212,¤g¦a1«Øª«0¨®¦ì0,,,¨ä¥L,,,,0.0,0,0,0,¦³,µL,95000,95,,0.0,0
¤¤®H¶m,¤g¦a,©¾¸q¬q1701~1750¦a¸¹,99.16,¦í,,,10211,¤g¦a1«Øª«0¨®¦ì0,,,¨ä¥L,,,,0.0,0,0,0,¦³,µL,2700000,27229,,0.0,0
¦Ë±T¶m,©Ð¦a(¤g¦a+«Øª«),¹Å¸q¿¤¦Ë±T¶mÆW¾ô§ø23¾FÆW¾ô340«Ñ1~50¸¹,194.04,,¤@¯ë¹A·~°Ï,¥ÒºØ«Ø¿v¥Î¦a,10211,¤g¦a3«Øª«1¨®¦ì0,¥þ,003,³z¤Ñ­í,¦í®a¥Î,¿ûµ¬²V¾®¤g³y,1010615,215.73,5,2,3,¦³,µL,6600000,30594,,0.0,0
¦Ë±T¶m,¤g¦a,¼Ì¾ð©W¬q301~350¦a¸¹,359.52,,¤s©Y¦a«O¨|°Ï,ªL·~¥Î¦a,10211,¤g¦a6«Øª«0¨®¦ì0,,,¨ä¥L,,,,0.0,0,0,0,¦³,µL,85000,236,,0.0,0
ªü¨½¤s¶m,¤g¦a,¹F¨¹¬q51~100¦a¸¹,596.5,°Ó,,,10210,¤g¦a1«Øª«0¨®¦ì0,,,¨ä¥L,,,,0.0,0,0,0,¦³,µL,800000,1341,,0.0,0
·Ë¤f¶m,¤g¦a,´å­í¬q1001~1050¦a¸¹,1392.0,,¯S©w¹A·~°Ï,¹Aªª¥Î¦a,10211,¤g¦a1«Øª«0¨®¦ì0,,,¨ä¥L,,,,0.0,0,0,0,¦³,µL,2800000,2011,,0.0,0
¤Ó«O¥«,©Ð¦a(¤g¦a+«Øª«),¹Å¸q¿¤¤Ó«OÉ]¤¤¤s¸ô¤@¬q228«Ñ1~50¸¹,122.61,°Ó,,,10211,¤g¦a4«Øª«1¨®¦ì0,¥þ,003,³z¤Ñ­í,¨£¨ä¥Lµn°O¨Æ¶µ,¿ûµ¬²V¾®¤g³y,0950629,155.59,4,1,3,¦³,µL,5100000,32778,,0.0,0
¤Ó«O¥«,¤g¦a,°ñ¶m¬q851~900¦a¸¹,2025.31,¹A,,,10211,¤g¦a1«Øª«0¨®¦ì0,,,¨ä¥L,,,,0.0,0,0,0,¦³,µL,11762000,5808,,0.0,0
¤¤®H¶m,©Ð¦a(¤g¦a+«Øª«),¹Å¸q¿¤¤¤®H¶m©M¿³§ø¤¤µØ¸ô651~700¸¹,64.12,¦í,,,10212,¤g¦a1«Øª«1¨®¦ì0,¥þ,002,³z¤Ñ­í,¦í°Ó¥Î,¿ûµ¬²V¾®¤g¥[±j¿j³y,0670310,99.2,2,1,1,¦³,µL,3900000,39315,,0.0,0
¤ô¤W¶m,©Ð¦a(¤g¦a+«Øª«),¹Å¸q¿¤¤ô¤W¶m¤ô¤W§ø¤­ºÖµó1~50¸¹,141.0,,¶m§ø°Ï,¤AºØ«Ø¿v¥Î¦a,10212,¤g¦a1«Øª«1¨®¦ì0,¥þ,002,³z¤Ñ­í,¦í®a¥Î,¿ûµ¬²V¾®¤g¥[±j¿j³y,0710910,97.0,2,2,2,¦³,µL,2100000,21649,,0.0,0
¤Ó«O¥«,©Ð¦a(¤g¦a+«Øª«),¹Å¸q¿¤¤Ó«OÉ]³Â¤Ó¸ô51~100¸¹,106.22,¦í,,,10211,¤g¦a2«Øª«1¨®¦ì0,¥þ,003,³z¤Ñ­í,¨£¨ä¥Lµn°O¨Æ¶µ,¿ûµ¬²V¾®¤g³y,1020806,154.08,4,1,3,¦³,µL,5400000,35047,,0.0,0
¤Ó«O¥«,¤g¦a,¤Ó«O¬q¤Ó«O¤p¬q101~150¦a¸¹,921.0,,¯S©w¹A·~°Ï,¹Aªª¥Î¦a,10211,¤g¦a1«Øª«0¨®¦ì0,,,¨ä¥L,,,,0.0,0,0,0,¦³,µL,1500000,1629,,0.0,0
¤¤®H¶m,©Ð¦a(¤g¦a+«Øª«),¹Å¸q¿¤¤¤®H¶m´I¦¬§øÉÜ¤º1~50¸¹,134.72,,¶m§ø°Ï,¤AºØ«Ø¿v¥Î¦a,10211,¤g¦a4«Øª«1¨®¦ì0,¥þ,003,³z¤Ñ­í,¨£¨ä¥Lµn°O¨Æ¶µ,¿ûµ¬²V¾®¤g³y,1020416,174.8,4,2,3,¦³,µL,6300000,36041,,0.0,0
¤Ó«O¥«,©Ð¦a(¤g¦a+«Øª«),¹Å¸q¿¤¤Ó«OÉ]¤Ó«O¨½¤Ó«O51~100¸¹,146.95,¦í,,,10212,¤g¦a1«Øª«1¨®¦ì0,¥þ,003,³z¤Ñ­í,¦í®a¥Î,¿ûµ¬²V¾®¤g³y,0931118,198.43,4,1,3,¦³,µL,4800000,24190,,0.0,0
¥Á¶¯¶m,¤g¦a,µ×®H¬q¤¤©M¤p¬q601~650¦a¸¹,1168.0,,¯S©w¹A·~°Ï,¹Aªª¥Î¦a,10211,¤g¦a1«Øª«0¨®¦ì0,,,¨ä¥L,,,,0.0,0,0,0,¦³,µL,3200000,2740,,0.0,0
±ö¤s¶m,¤g¦a,¤EË|§|¬q51~100¦a¸¹,480.0,,¤@¯ë¹A·~°Ï,¹Aªª¥Î¦a,10211,¤g¦a1«Øª«0¨®¦ì0,,,¨ä¥L,,,,0.0,0,0,0,¦³,µL,800000,1667,,0.0,0
¦Ë±T¶m,¤g¦a,¼Ì¾ð©W¬q1501~1550¦a¸¹,1202.44,,¤s©Y¦a«O¨|°Ï,ªL·~¥Î¦a,10211,¤g¦a3«Øª«0¨®¦ì0,,,¨ä¥L,,,,0.0,0,0,0,¦³,µL,285000,237,,0.0,0
¦Ë±T¶m,©Ð¦a(¤g¦a+«Øª«),¹Å¸q¿¤¦Ë±T¶mÆW¾ô§ø30¾F±T¸}201~250¸¹,75.83,,¶m§ø°Ï,¤AºØ«Ø¿v¥Î¦a,10212,¤g¦a1«Øª«1¨®¦ì0,¥þ,002,³z¤Ñ­í,¦í®a¥Î,¿ûµ¬²V¾®¤g¥[±j¿j³y,0680828,113.11,4,1,2,¦³,µL,1400000,12377,,0.0,0
¦Ë±T¶m,¤g¦a,¼Ì¾ð©W¬q1501~1550¦a¸¹,1589.5,,¤s©Y¦a«O¨|°Ï,ªL·~¥Î¦a,10211,¤g¦a1«Øª«0¨®¦ì0,,,¨ä¥L,,,,0.0,0,0,0,¦³,µL,380000,239,,0.0,0
¤ô¤W¶m,©Ð¦a(¤g¦a+«Øª«),¹Å¸q¿¤¤ô¤W¶m¤U¼d§ø9¾F¤U¼d1~50¸¹,92.32,,¶m§ø°Ï,¤AºØ«Ø¿v¥Î¦a,10211,¤g¦a2«Øª«1¨®¦ì0,¥þ,002,³z¤Ñ­í,¦í®a¥Î,¿ûµ¬²V¾®¤g¥[±j¿j³y,0701125,147.31,3,2,3,¦³,µL,1250000,8486,,0.0,0
¤ô¤W¶m,©Ð¦a(¤g¦a+«Øª«),¹Å¸q¿¤¤ô¤W¶m¬h¶m§ø¬h¤lªL51~100¸¹,126.45,,¶m§ø°Ï,¤AºØ«Ø¿v¥Î¦a,10212,¤g¦a2«Øª«1¨®¦ì0,¥þ,003,³z¤Ñ­í,¦í®a¥Î,¿ûµ¬²V¾®¤g³y,0800322,181.38,4,3,3,¦³,µL,4500000,24810,,0.0,0
¦µ¤l¥«,©Ð¦a(¤g¦a+«Øª«),¹Å¸q¿¤¦µ¤l¥«¥|ºû¸ô¤T¬q51~100¸¹,94.5,¦í,,,10211,¤g¦a2«Øª«1¨®¦ì0,¥þ,003,³z¤Ñ­í,¦í®a¥Î,¿ûµ¬²V¾®¤g³y,0920114,157.27,4,2,3,¦³,µL,5800000,36879,,0.0,0
¥¬³UÂí,¤g¦a,¦¿¤s¬q351~400¦a¸¹,924.47,,¯S©w±M¥Î°Ï,¹Aªª¥Î¦a,10212,¤g¦a17«Øª«0¨®¦ì0,,,¨ä¥L,,,,0.0,0,0,0,¦³,µL,1689021,1827,,0.0,0
¤ô¤W¶m,¤g¦a,¤¯¦w¬q451~500¦a¸¹,3014.47,,¤@¯ë¹A·~°Ï,¹Aªª¥Î¦a,10211,¤g¦a2«Øª«0¨®¦ì0,,,¨ä¥L,,,,0.0,0,0,0,¦³,µL,5800000,1924,,0.0,0
¤¤®H¶m,©Ð¦a(¤g¦a+«Øª«),¹Å¸q¿¤¤¤®H¶m©M¬ü§ø©M¬ü¸ô301~350¸¹,64.76,¦í,,,10211,¤g¦a1«Øª«1¨®¦ì0,¥þ,003,³z¤Ñ­í,¦í®a¥Î,¿ûµ¬²V¾®¤g³y,0830401,152.88,5,1,4,¦³,µL,5000000,32705,,0.0,0
³À¯ó¶m,©Ð¦a(¤g¦a+«Øª«),¹Å¸q¿¤³À¯ó¶mºÑ¼æ§ø³»¼æ1~50¸¹,136.0,,¶m§ø°Ï,¤AºØ«Ø¿v¥Î¦a,10212,¤g¦a2«Øª«1¨®¦ì0,¥þ,003,³z¤Ñ­í,¦í®a¥Î,¨£¨ä¥Lµn°O¨Æ¶µ,0880428,215.49,4,2,4,¦³,µL,3600000,16706,,0.0,0
·s´ä¶m,¤g¦a,µæ¤½­í¬q«r¦Ë¤p¬q401~450¦a¸¹,2204.0,,¯S©w¹A·~°Ï,¹Aªª¥Î¦a,10211,¤g¦a1«Øª«0¨®¦ì0,,,¨ä¥L,,,,0.0,0,0,0,¦³,µL,2204000,1000,,0.0,0
¥Á¶¯¶m,¤g¦a,µ×®H¬qµ×®H¤p¬q1451~1500¦a¸¹,3847.0,,¯S©w¹A·~°Ï,¹Aªª¥Î¦a,10211,¤g¦a1«Øª«0¨®¦ì0,,,¨ä¥L,,,,0.0,0,0,0,¦³,µL,8848000,2300,,0.0,0
·Ë¤f¶m,¤g¦a,¥»ÆU¬q201~250¦a¸¹,466.67,,¯S©w¹A·~°Ï,¹Aªª¥Î¦a,10211,¤g¦a1«Øª«0¨®¦ì0,,,¨ä¥L,,,,0.0,0,0,0,¦³,µL,600000,1286,,0.0,0
ªF¥Û¶m,¤g¦a,·Ë¤l¤U¬q·Ë¤l¤U¤p¬q351~400¦a¸¹,5622.0,,¤@¯ë¹A·~°Ï,¾i´Þ¥Î¦a,10209,¤g¦a4«Øª«0¨®¦ì0,,,¨ä¥L,,,,0.0,0,0,0,¦³,µL,16912000,3008,,0.0,0
¤»¸}¶m,¤g¦a,«á±Y¤s¬q±Y¤s¤p¬q151~200¦a¸¹,2073.33,,¯S©w¹A·~°Ï,¹Aªª¥Î¦a,10211,¤g¦a1«Øª«0¨®¦ì0,,,¨ä¥L,,,,0.0,0,0,0,¦³,µL,1496146,722,,0.0,0
